<?xml version="1.0" encoding="utf-8"?>
<annotations>
  <version>1.1</version>
  <meta>
    <task>
      <id>27</id>
      <name>TDT17_trip007-glos_short-videos_intensity_18</name>
      <size>100</size>
      <mode>interpolation</mode>
      <overlap>5</overlap>
      <bugtracker></bugtracker>
      <created>2021-10-26 18:25:38.627242+00:00</created>
      <updated>2021-10-28 11:55:38.341411+00:00</updated>
      <subset>default</subset>
      <start_frame>0</start_frame>
      <stop_frame>99</stop_frame>
      <frame_filter></frame_filter>
      <segments>
        <segment>
          <id>24</id>
          <start>0</start>
          <stop>99</stop>
          <url>http://cvat.idi.ntnu.no/?id=24</url>
        </segment>
      </segments>
      <owner>
        <username>frankl</username>
        <email>frankl@ntnu.no</email>
      </owner>
      <assignee></assignee>
      <labels>
        <label>
          <name>car</name>
          <color>#2080c0</color>
          <attributes>
          </attributes>
        </label>
        <label>
          <name>truck</name>
          <color>#906080</color>
          <attributes>
          </attributes>
        </label>
        <label>
          <name>bus</name>
          <color>#204080</color>
          <attributes>
          </attributes>
        </label>
        <label>
          <name>motorcycle</name>
          <color>#80a0a0</color>
          <attributes>
          </attributes>
        </label>
        <label>
          <name>bicycle</name>
          <color>#004040</color>
          <attributes>
          </attributes>
        </label>
        <label>
          <name>scooter</name>
          <color>#4c21f5</color>
          <attributes>
          </attributes>
        </label>
        <label>
          <name>person</name>
          <color>#c06060</color>
          <attributes>
          </attributes>
        </label>
        <label>
          <name>rider</name>
          <color>#20e060</color>
          <attributes>
          </attributes>
        </label>
      </labels>
      <original_size>
        <width>1024</width>
        <height>128</height>
      </original_size>
    </task>
    <dumped>2021-11-09 21:48:53.813782+00:00</dumped>
    <source>Video00018_intensity.avi</source>
  </meta>
  <track id="0" label="person" source="manual">
    <box frame="18" outside="0" occluded="0" keyframe="1" xtl="474.90" ytl="61.31" xbr="477.83" ybr="75.39" z_order="0">
    </box>
    <box frame="19" outside="0" occluded="0" keyframe="0" xtl="477.29" ytl="60.77" xbr="480.23" ybr="74.86" z_order="0">
    </box>
    <box frame="20" outside="0" occluded="0" keyframe="0" xtl="479.69" ytl="60.24" xbr="482.62" ybr="74.32" z_order="0">
    </box>
    <box frame="21" outside="0" occluded="0" keyframe="1" xtl="482.09" ytl="59.70" xbr="485.02" ybr="73.78" z_order="0">
    </box>
    <box frame="22" outside="0" occluded="0" keyframe="0" xtl="484.29" ytl="59.68" xbr="487.43" ybr="73.76" z_order="0">
    </box>
    <box frame="23" outside="0" occluded="0" keyframe="0" xtl="486.49" ytl="59.66" xbr="489.84" ybr="73.74" z_order="0">
    </box>
    <box frame="24" outside="0" occluded="0" keyframe="0" xtl="488.69" ytl="59.63" xbr="492.25" ybr="73.72" z_order="0">
    </box>
    <box frame="25" outside="0" occluded="0" keyframe="0" xtl="490.89" ytl="59.61" xbr="494.67" ybr="73.70" z_order="0">
    </box>
    <box frame="26" outside="0" occluded="0" keyframe="0" xtl="493.09" ytl="59.59" xbr="497.08" ybr="73.68" z_order="0">
    </box>
    <box frame="27" outside="0" occluded="0" keyframe="0" xtl="495.30" ytl="59.57" xbr="499.49" ybr="73.66" z_order="0">
    </box>
    <box frame="28" outside="0" occluded="0" keyframe="1" xtl="497.50" ytl="59.55" xbr="501.90" ybr="73.63" z_order="0">
    </box>
    <box frame="29" outside="0" occluded="0" keyframe="0" xtl="500.36" ytl="59.75" xbr="504.76" ybr="74.31" z_order="0">
    </box>
    <box frame="30" outside="0" occluded="0" keyframe="0" xtl="503.22" ytl="59.94" xbr="507.62" ybr="74.99" z_order="0">
    </box>
    <box frame="31" outside="0" occluded="0" keyframe="0" xtl="506.08" ytl="60.14" xbr="510.48" ybr="75.67" z_order="0">
    </box>
    <box frame="32" outside="0" occluded="0" keyframe="0" xtl="508.94" ytl="60.33" xbr="513.34" ybr="76.34" z_order="0">
    </box>
    <box frame="33" outside="0" occluded="0" keyframe="0" xtl="511.80" ytl="60.53" xbr="516.21" ybr="77.02" z_order="0">
    </box>
    <box frame="34" outside="0" occluded="0" keyframe="1" xtl="514.66" ytl="60.72" xbr="519.07" ybr="77.70" z_order="0">
    </box>
    <box frame="35" outside="0" occluded="0" keyframe="0" xtl="517.96" ytl="61.02" xbr="522.77" ybr="78.85" z_order="0">
    </box>
    <box frame="36" outside="0" occluded="0" keyframe="0" xtl="521.27" ytl="61.31" xbr="526.48" ybr="80.00" z_order="0">
    </box>
    <box frame="37" outside="0" occluded="0" keyframe="0" xtl="524.57" ytl="61.61" xbr="530.19" ybr="81.15" z_order="0">
    </box>
    <box frame="38" outside="0" occluded="0" keyframe="1" xtl="527.87" ytl="61.90" xbr="533.90" ybr="82.30" z_order="0">
    </box>
    <box frame="39" outside="0" occluded="0" keyframe="0" xtl="532.39" ytl="63.24" xbr="538.42" ybr="84.97" z_order="0">
    </box>
    <box frame="40" outside="0" occluded="0" keyframe="0" xtl="536.91" ytl="64.59" xbr="542.95" ybr="87.63" z_order="0">
    </box>
    <box frame="41" outside="0" occluded="0" keyframe="0" xtl="541.44" ytl="65.93" xbr="547.47" ybr="90.30" z_order="0">
    </box>
    <box frame="42" outside="0" occluded="0" keyframe="0" xtl="545.96" ytl="67.28" xbr="552.00" ybr="92.97" z_order="0">
    </box>
    <box frame="43" outside="0" occluded="0" keyframe="0" xtl="550.49" ytl="68.62" xbr="556.52" ybr="95.63" z_order="0">
    </box>
    <box frame="44" outside="0" occluded="0" keyframe="1" xtl="555.01" ytl="69.97" xbr="561.04" ybr="98.30" z_order="0">
    </box>
    <box frame="45" outside="0" occluded="0" keyframe="0" xtl="561.20" ytl="70.29" xbr="568.11" ybr="100.48" z_order="0">
    </box>
    <box frame="46" outside="0" occluded="0" keyframe="0" xtl="567.39" ytl="70.61" xbr="575.19" ybr="102.66" z_order="0">
    </box>
    <box frame="47" outside="0" occluded="0" keyframe="0" xtl="573.58" ytl="70.93" xbr="582.26" ybr="104.84" z_order="0">
    </box>
    <box frame="48" outside="0" occluded="0" keyframe="0" xtl="579.77" ytl="71.26" xbr="589.33" ybr="107.02" z_order="0">
    </box>
    <box frame="49" outside="0" occluded="0" keyframe="1" xtl="585.96" ytl="71.58" xbr="596.40" ybr="109.20" z_order="0">
    </box>
    <box frame="50" outside="0" occluded="0" keyframe="0" xtl="594.50" ytl="71.48" xbr="604.94" ybr="111.40" z_order="0">
    </box>
    <box frame="51" outside="0" occluded="0" keyframe="1" xtl="603.04" ytl="71.38" xbr="613.48" ybr="113.60" z_order="0">
    </box>
    <box frame="52" outside="0" occluded="0" keyframe="0" xtl="613.88" ytl="71.29" xbr="624.32" ybr="115.80" z_order="0">
    </box>
    <box frame="53" outside="0" occluded="0" keyframe="0" xtl="624.72" ytl="71.19" xbr="635.16" ybr="118.00" z_order="0">
    </box>
    <box frame="54" outside="0" occluded="0" keyframe="0" xtl="635.56" ytl="71.09" xbr="646.00" ybr="120.20" z_order="0">
    </box>
    <box frame="55" outside="0" occluded="0" keyframe="1" xtl="646.40" ytl="70.99" xbr="656.84" ybr="122.40" z_order="0">
    </box>
    <box frame="56" outside="0" occluded="0" keyframe="0" xtl="660.81" ytl="71.02" xbr="671.80" ybr="123.33" z_order="0">
    </box>
    <box frame="57" outside="0" occluded="0" keyframe="0" xtl="675.21" ytl="71.04" xbr="686.76" ybr="124.27" z_order="0">
    </box>
    <box frame="58" outside="0" occluded="0" keyframe="0" xtl="689.61" ytl="71.06" xbr="701.72" ybr="125.20" z_order="0">
    </box>
    <box frame="59" outside="0" occluded="0" keyframe="0" xtl="704.01" ytl="71.09" xbr="716.68" ybr="126.13" z_order="0">
    </box>
    <box frame="60" outside="0" occluded="0" keyframe="0" xtl="718.41" ytl="71.11" xbr="731.64" ybr="127.07" z_order="0">
    </box>
    <box frame="61" outside="0" occluded="0" keyframe="1" xtl="732.81" ytl="71.14" xbr="746.60" ybr="128.00" z_order="0">
    </box>
    <box frame="62" outside="0" occluded="0" keyframe="0" xtl="749.10" ytl="71.92" xbr="762.88" ybr="128.00" z_order="0">
    </box>
    <box frame="63" outside="0" occluded="0" keyframe="0" xtl="765.38" ytl="72.70" xbr="779.17" ybr="128.00" z_order="0">
    </box>
    <box frame="64" outside="0" occluded="0" keyframe="1" xtl="781.67" ytl="73.48" xbr="795.45" ybr="128.00" z_order="0">
    </box>
    <box frame="65" outside="0" occluded="0" keyframe="0" xtl="797.15" ytl="71.65" xbr="810.93" ybr="126.17" z_order="0">
    </box>
    <box frame="66" outside="0" occluded="0" keyframe="1" xtl="812.62" ytl="69.82" xbr="826.41" ybr="124.33" z_order="0">
    </box>
    <box frame="67" outside="0" occluded="0" keyframe="0" xtl="824.83" ytl="69.73" xbr="838.61" ybr="122.45" z_order="0">
    </box>
    <box frame="68" outside="0" occluded="0" keyframe="0" xtl="837.04" ytl="69.64" xbr="850.82" ybr="120.56" z_order="0">
    </box>
    <box frame="69" outside="0" occluded="0" keyframe="0" xtl="849.24" ytl="69.55" xbr="863.03" ybr="118.67" z_order="0">
    </box>
    <box frame="70" outside="0" occluded="0" keyframe="0" xtl="861.45" ytl="69.47" xbr="875.23" ybr="116.79" z_order="0">
    </box>
    <box frame="71" outside="0" occluded="0" keyframe="1" xtl="873.65" ytl="69.38" xbr="887.44" ybr="114.90" z_order="0">
    </box>
    <box frame="72" outside="0" occluded="0" keyframe="0" xtl="882.08" ytl="69.23" xbr="895.13" ybr="112.90" z_order="0">
    </box>
    <box frame="73" outside="0" occluded="0" keyframe="0" xtl="890.51" ytl="69.09" xbr="902.82" ybr="110.90" z_order="0">
    </box>
    <box frame="74" outside="0" occluded="0" keyframe="0" xtl="898.94" ytl="68.94" xbr="910.52" ybr="108.90" z_order="0">
    </box>
    <box frame="75" outside="0" occluded="0" keyframe="0" xtl="907.37" ytl="68.79" xbr="918.21" ybr="106.90" z_order="0">
    </box>
    <box frame="76" outside="0" occluded="0" keyframe="1" xtl="915.80" ytl="68.65" xbr="925.90" ybr="104.90" z_order="0">
    </box>
    <box frame="77" outside="0" occluded="0" keyframe="0" xtl="921.41" ytl="68.90" xbr="931.51" ybr="103.58" z_order="0">
    </box>
    <box frame="78" outside="0" occluded="0" keyframe="0" xtl="927.02" ytl="69.16" xbr="937.12" ybr="102.25" z_order="0">
    </box>
    <box frame="79" outside="0" occluded="0" keyframe="0" xtl="932.63" ytl="69.42" xbr="942.73" ybr="100.93" z_order="0">
    </box>
    <box frame="80" outside="0" occluded="0" keyframe="1" xtl="938.25" ytl="69.67" xbr="948.35" ybr="99.60" z_order="0">
    </box>
    <box frame="81" outside="0" occluded="0" keyframe="0" xtl="942.46" ytl="69.60" xbr="952.23" ybr="98.98" z_order="0">
    </box>
    <box frame="82" outside="0" occluded="0" keyframe="0" xtl="946.68" ytl="69.53" xbr="956.11" ybr="98.35" z_order="0">
    </box>
    <box frame="83" outside="0" occluded="0" keyframe="0" xtl="950.90" ytl="69.45" xbr="959.99" ybr="97.73" z_order="0">
    </box>
    <box frame="84" outside="0" occluded="0" keyframe="0" xtl="955.12" ytl="69.38" xbr="963.87" ybr="97.10" z_order="0">
    </box>
    <box frame="85" outside="0" occluded="0" keyframe="0" xtl="959.34" ytl="69.31" xbr="967.75" ybr="96.48" z_order="0">
    </box>
    <box frame="86" outside="0" occluded="0" keyframe="0" xtl="963.55" ytl="69.23" xbr="971.64" ybr="95.85" z_order="0">
    </box>
    <box frame="87" outside="0" occluded="0" keyframe="0" xtl="967.77" ytl="69.16" xbr="975.52" ybr="95.23" z_order="0">
    </box>
    <box frame="88" outside="0" occluded="0" keyframe="1" xtl="971.99" ytl="69.09" xbr="979.40" ybr="94.60" z_order="0">
    </box>
    <box frame="89" outside="0" occluded="0" keyframe="0" xtl="975.34" ytl="69.01" xbr="982.48" ybr="93.80" z_order="0">
    </box>
    <box frame="90" outside="0" occluded="0" keyframe="0" xtl="978.69" ytl="68.94" xbr="985.57" ybr="93.00" z_order="0">
    </box>
    <box frame="91" outside="0" occluded="0" keyframe="0" xtl="982.04" ytl="68.87" xbr="988.65" ybr="92.20" z_order="0">
    </box>
    <box frame="92" outside="0" occluded="0" keyframe="0" xtl="985.39" ytl="68.79" xbr="991.73" ybr="91.40" z_order="0">
    </box>
    <box frame="93" outside="0" occluded="0" keyframe="0" xtl="988.74" ytl="68.72" xbr="994.82" ybr="90.60" z_order="0">
    </box>
    <box frame="94" outside="0" occluded="0" keyframe="1" xtl="992.09" ytl="68.65" xbr="997.90" ybr="89.80" z_order="0">
    </box>
    <box frame="95" outside="0" occluded="0" keyframe="0" xtl="994.85" ytl="69.00" xbr="1000.48" ybr="89.34" z_order="0">
    </box>
    <box frame="96" outside="0" occluded="0" keyframe="0" xtl="997.61" ytl="69.35" xbr="1003.06" ybr="88.88" z_order="0">
    </box>
    <box frame="97" outside="0" occluded="0" keyframe="0" xtl="1000.37" ytl="69.71" xbr="1005.64" ybr="88.42" z_order="0">
    </box>
    <box frame="98" outside="0" occluded="0" keyframe="0" xtl="1003.12" ytl="70.06" xbr="1008.22" ybr="87.96" z_order="0">
    </box>
    <box frame="99" outside="0" occluded="0" keyframe="1" xtl="1005.88" ytl="70.41" xbr="1010.80" ybr="87.50" z_order="0">
    </box>
  </track>
  <track id="1" label="person" source="manual">
    <box frame="65" outside="0" occluded="0" keyframe="1" xtl="497.90" ytl="68.80" xbr="503.40" ybr="87.30" z_order="0">
    </box>
    <box frame="66" outside="0" occluded="0" keyframe="0" xtl="501.25" ytl="70.65" xbr="506.75" ybr="89.15" z_order="0">
    </box>
    <box frame="67" outside="0" occluded="0" keyframe="0" xtl="504.60" ytl="72.50" xbr="510.10" ybr="91.00" z_order="0">
    </box>
    <box frame="68" outside="0" occluded="0" keyframe="0" xtl="507.95" ytl="74.35" xbr="513.45" ybr="92.85" z_order="0">
    </box>
    <box frame="69" outside="0" occluded="0" keyframe="1" xtl="511.30" ytl="76.20" xbr="516.80" ybr="94.70" z_order="0">
    </box>
    <box frame="70" outside="0" occluded="0" keyframe="0" xtl="515.05" ytl="76.70" xbr="520.55" ybr="96.63" z_order="0">
    </box>
    <box frame="71" outside="0" occluded="0" keyframe="0" xtl="518.80" ytl="77.20" xbr="524.30" ybr="98.55" z_order="0">
    </box>
    <box frame="72" outside="0" occluded="0" keyframe="0" xtl="522.55" ytl="77.70" xbr="528.05" ybr="100.48" z_order="0">
    </box>
    <box frame="73" outside="0" occluded="0" keyframe="1" xtl="526.30" ytl="78.20" xbr="531.80" ybr="102.40" z_order="0">
    </box>
    <box frame="74" outside="0" occluded="0" keyframe="0" xtl="530.10" ytl="78.40" xbr="535.85" ybr="103.90" z_order="0">
    </box>
    <box frame="75" outside="0" occluded="0" keyframe="0" xtl="533.90" ytl="78.60" xbr="539.90" ybr="105.40" z_order="0">
    </box>
    <box frame="76" outside="0" occluded="0" keyframe="0" xtl="537.70" ytl="78.80" xbr="543.95" ybr="106.90" z_order="0">
    </box>
    <box frame="77" outside="0" occluded="0" keyframe="1" xtl="541.50" ytl="79.00" xbr="548.00" ybr="108.40" z_order="0">
    </box>
    <box frame="78" outside="0" occluded="0" keyframe="0" xtl="545.65" ytl="79.43" xbr="552.58" ybr="110.43" z_order="0">
    </box>
    <box frame="79" outside="0" occluded="0" keyframe="0" xtl="549.80" ytl="79.85" xbr="557.15" ybr="112.45" z_order="0">
    </box>
    <box frame="80" outside="0" occluded="0" keyframe="0" xtl="553.95" ytl="80.28" xbr="561.73" ybr="114.48" z_order="0">
    </box>
    <box frame="81" outside="0" occluded="0" keyframe="1" xtl="558.10" ytl="80.70" xbr="566.30" ybr="116.50" z_order="0">
    </box>
    <box frame="82" outside="0" occluded="0" keyframe="0" xtl="563.57" ytl="80.93" xbr="572.13" ybr="118.42" z_order="0">
    </box>
    <box frame="83" outside="0" occluded="0" keyframe="0" xtl="569.04" ytl="81.17" xbr="577.97" ybr="120.33" z_order="0">
    </box>
    <box frame="84" outside="0" occluded="0" keyframe="1" xtl="574.51" ytl="81.40" xbr="583.80" ybr="122.25" z_order="0">
    </box>
    <box frame="85" outside="0" occluded="0" keyframe="0" xtl="579.98" ytl="81.63" xbr="590.77" ybr="124.17" z_order="0">
    </box>
    <box frame="86" outside="0" occluded="0" keyframe="1" xtl="585.45" ytl="81.87" xbr="597.73" ybr="126.08" z_order="0">
    </box>
    <box frame="87" outside="0" occluded="0" keyframe="1" xtl="593.20" ytl="82.10" xbr="606.30" ybr="128.00" z_order="0">
    </box>
    <box frame="88" outside="0" occluded="0" keyframe="1" xtl="600.27" ytl="83.02" xbr="613.37" ybr="128.00" z_order="0">
    </box>
    <box frame="89" outside="0" occluded="0" keyframe="0" xtl="610.80" ytl="83.94" xbr="623.91" ybr="128.00" z_order="0">
    </box>
    <box frame="90" outside="0" occluded="0" keyframe="0" xtl="621.33" ytl="84.86" xbr="634.44" ybr="128.00" z_order="0">
    </box>
    <box frame="91" outside="0" occluded="0" keyframe="0" xtl="631.87" ytl="85.78" xbr="644.97" ybr="128.00" z_order="0">
    </box>
    <box frame="92" outside="0" occluded="0" keyframe="1" xtl="642.40" ytl="86.70" xbr="655.50" ybr="128.00" z_order="0">
    </box>
    <box frame="93" outside="0" occluded="0" keyframe="0" xtl="657.70" ytl="88.95" xbr="670.80" ybr="128.00" z_order="0">
    </box>
    <box frame="94" outside="0" occluded="0" keyframe="1" xtl="673.00" ytl="91.20" xbr="686.10" ybr="128.00" z_order="0">
    </box>
    <box frame="95" outside="0" occluded="0" keyframe="0" xtl="689.88" ytl="91.37" xbr="703.80" ybr="128.00" z_order="0">
    </box>
    <box frame="96" outside="0" occluded="0" keyframe="0" xtl="706.75" ytl="91.55" xbr="721.50" ybr="128.00" z_order="0">
    </box>
    <box frame="97" outside="0" occluded="0" keyframe="1" xtl="723.63" ytl="91.72" xbr="739.20" ybr="128.00" z_order="0">
    </box>
    <box frame="98" outside="0" occluded="0" keyframe="1" xtl="746.61" ytl="91.03" xbr="762.18" ybr="128.00" z_order="0">
    </box>
    <box frame="99" outside="1" occluded="0" keyframe="1" xtl="746.61" ytl="91.03" xbr="762.18" ybr="128.00" z_order="0">
    </box>
  </track>
  <track id="2" label="person" source="manual">
    <box frame="75" outside="0" occluded="0" keyframe="1" xtl="469.30" ytl="79.70" xbr="473.30" ybr="94.00" z_order="0">
    </box>
    <box frame="76" outside="0" occluded="0" keyframe="0" xtl="470.80" ytl="79.60" xbr="474.80" ybr="93.90" z_order="0">
    </box>
    <box frame="77" outside="0" occluded="0" keyframe="1" xtl="472.30" ytl="79.50" xbr="476.30" ybr="93.80" z_order="0">
    </box>
    <box frame="78" outside="0" occluded="0" keyframe="0" xtl="473.35" ytl="79.60" xbr="477.70" ybr="93.90" z_order="0">
    </box>
    <box frame="79" outside="0" occluded="0" keyframe="1" xtl="474.40" ytl="79.70" xbr="479.10" ybr="94.00" z_order="0">
    </box>
    <box frame="80" outside="0" occluded="0" keyframe="0" xtl="475.95" ytl="79.80" xbr="480.65" ybr="94.65" z_order="0">
    </box>
    <box frame="81" outside="0" occluded="0" keyframe="1" xtl="477.50" ytl="79.90" xbr="482.20" ybr="95.30" z_order="0">
    </box>
    <box frame="82" outside="0" occluded="0" keyframe="0" xtl="478.65" ytl="79.90" xbr="483.35" ybr="95.30" z_order="0">
    </box>
    <box frame="83" outside="0" occluded="0" keyframe="0" xtl="479.80" ytl="79.90" xbr="484.50" ybr="95.30" z_order="0">
    </box>
    <box frame="84" outside="0" occluded="0" keyframe="0" xtl="480.95" ytl="79.90" xbr="485.65" ybr="95.30" z_order="0">
    </box>
    <box frame="85" outside="0" occluded="0" keyframe="1" xtl="482.10" ytl="79.90" xbr="486.80" ybr="95.30" z_order="0">
    </box>
    <box frame="86" outside="0" occluded="0" keyframe="0" xtl="483.63" ytl="79.92" xbr="488.45" ybr="95.65" z_order="0">
    </box>
    <box frame="87" outside="0" occluded="0" keyframe="0" xtl="485.16" ytl="79.94" xbr="490.10" ybr="96.00" z_order="0">
    </box>
    <box frame="88" outside="0" occluded="0" keyframe="0" xtl="486.69" ytl="79.96" xbr="491.75" ybr="96.35" z_order="0">
    </box>
    <box frame="89" outside="0" occluded="0" keyframe="0" xtl="488.22" ytl="79.98" xbr="493.40" ybr="96.70" z_order="0">
    </box>
    <box frame="90" outside="0" occluded="0" keyframe="0" xtl="489.75" ytl="80.00" xbr="495.05" ybr="97.05" z_order="0">
    </box>
    <box frame="91" outside="0" occluded="0" keyframe="0" xtl="491.28" ytl="80.02" xbr="496.70" ybr="97.40" z_order="0">
    </box>
    <box frame="92" outside="0" occluded="0" keyframe="0" xtl="492.81" ytl="80.04" xbr="498.35" ybr="97.75" z_order="0">
    </box>
    <box frame="93" outside="0" occluded="0" keyframe="0" xtl="494.34" ytl="80.06" xbr="500.00" ybr="98.10" z_order="0">
    </box>
    <box frame="94" outside="0" occluded="0" keyframe="0" xtl="495.87" ytl="80.08" xbr="501.65" ybr="98.45" z_order="0">
    </box>
    <box frame="95" outside="0" occluded="0" keyframe="1" xtl="497.40" ytl="80.10" xbr="503.30" ybr="98.80" z_order="0">
    </box>
    <box frame="96" outside="0" occluded="0" keyframe="0" xtl="498.90" ytl="80.15" xbr="504.80" ybr="98.85" z_order="0">
    </box>
    <box frame="97" outside="0" occluded="0" keyframe="1" xtl="500.40" ytl="80.20" xbr="506.30" ybr="98.90" z_order="0">
    </box>
    <box frame="98" outside="0" occluded="0" keyframe="0" xtl="501.55" ytl="80.25" xbr="507.90" ybr="98.95" z_order="0">
    </box>
    <box frame="99" outside="0" occluded="0" keyframe="1" xtl="502.70" ytl="80.30" xbr="509.50" ybr="99.00" z_order="0">
    </box>
  </track>
  <track id="3" label="person" source="manual">
    <box frame="80" outside="0" occluded="0" keyframe="1" xtl="480.22" ytl="79.62" xbr="484.69" ybr="94.74" z_order="0">
    </box>
    <box frame="81" outside="0" occluded="0" keyframe="1" xtl="481.95" ytl="79.18" xbr="486.42" ybr="94.90" z_order="0">
    </box>
    <box frame="82" outside="0" occluded="0" keyframe="1" xtl="483.11" ytl="79.18" xbr="487.57" ybr="94.90" z_order="0">
    </box>
    <box frame="83" outside="0" occluded="0" keyframe="1" xtl="484.83" ytl="79.18" xbr="489.30" ybr="95.60" z_order="0">
    </box>
    <box frame="84" outside="0" occluded="0" keyframe="0" xtl="485.99" ytl="79.18" xbr="490.45" ybr="95.60" z_order="0">
    </box>
    <box frame="85" outside="0" occluded="0" keyframe="1" xtl="487.14" ytl="79.18" xbr="491.60" ybr="95.60" z_order="0">
    </box>
    <box frame="86" outside="0" occluded="0" keyframe="0" xtl="488.43" ytl="78.75" xbr="492.90" ybr="95.90" z_order="0">
    </box>
    <box frame="87" outside="0" occluded="0" keyframe="1" xtl="489.73" ytl="78.32" xbr="494.19" ybr="96.20" z_order="0">
    </box>
    <box frame="88" outside="0" occluded="0" keyframe="0" xtl="491.67" ytl="78.46" xbr="496.14" ybr="96.34" z_order="0">
    </box>
    <box frame="89" outside="0" occluded="0" keyframe="1" xtl="493.62" ytl="78.61" xbr="498.08" ybr="96.49" z_order="0">
    </box>
    <box frame="90" outside="0" occluded="0" keyframe="1" xtl="495.06" ytl="78.90" xbr="499.52" ybr="96.78" z_order="0">
    </box>
    <box frame="91" outside="0" occluded="0" keyframe="0" xtl="496.86" ytl="78.83" xbr="501.32" ybr="97.14" z_order="0">
    </box>
    <box frame="92" outside="0" occluded="0" keyframe="1" xtl="498.65" ytl="78.75" xbr="503.12" ybr="97.50" z_order="0">
    </box>
    <box frame="93" outside="0" occluded="0" keyframe="0" xtl="500.02" ytl="78.97" xbr="504.49" ybr="97.72" z_order="0">
    </box>
    <box frame="94" outside="0" occluded="0" keyframe="1" xtl="501.39" ytl="79.19" xbr="505.85" ybr="97.93" z_order="0">
    </box>
    <box frame="95" outside="0" occluded="0" keyframe="0" xtl="503.05" ytl="79.47" xbr="507.51" ybr="98.22" z_order="0">
    </box>
    <box frame="96" outside="0" occluded="0" keyframe="1" xtl="504.70" ytl="79.76" xbr="509.17" ybr="98.51" z_order="0">
    </box>
    <box frame="97" outside="0" occluded="0" keyframe="1" xtl="506.29" ytl="80.05" xbr="510.75" ybr="98.79" z_order="0">
    </box>
    <box frame="98" outside="0" occluded="0" keyframe="1" xtl="507.58" ytl="79.76" xbr="512.05" ybr="98.51" z_order="0">
    </box>
    <box frame="99" outside="0" occluded="0" keyframe="1" xtl="509.45" ytl="79.47" xbr="513.92" ybr="98.90" z_order="0">
    </box>
  </track>
  <track id="4" label="person" source="manual">
    <box frame="82" outside="0" occluded="0" keyframe="1" xtl="635.69" ytl="82.70" xbr="642.85" ybr="109.93" z_order="0">
    </box>
    <box frame="83" outside="0" occluded="0" keyframe="1" xtl="641.78" ytl="82.70" xbr="648.94" ybr="109.93" z_order="0">
    </box>
    <box frame="84" outside="0" occluded="0" keyframe="0" xtl="646.91" ytl="82.34" xbr="654.08" ybr="109.57" z_order="0">
    </box>
    <box frame="85" outside="0" occluded="0" keyframe="0" xtl="652.05" ytl="81.98" xbr="659.22" ybr="109.21" z_order="0">
    </box>
    <box frame="86" outside="0" occluded="0" keyframe="1" xtl="657.19" ytl="81.62" xbr="664.35" ybr="108.85" z_order="0">
    </box>
    <box frame="87" outside="0" occluded="0" keyframe="1" xtl="663.16" ytl="82.04" xbr="670.32" ybr="109.27" z_order="0">
    </box>
    <box frame="88" outside="0" occluded="0" keyframe="1" xtl="669.23" ytl="81.66" xbr="676.40" ybr="108.89" z_order="0">
    </box>
    <box frame="89" outside="0" occluded="0" keyframe="1" xtl="674.56" ytl="82.18" xbr="681.72" ybr="109.41" z_order="0">
    </box>
    <box frame="90" outside="0" occluded="0" keyframe="1" xtl="682.44" ytl="82.39" xbr="689.61" ybr="109.62" z_order="0">
    </box>
    <box frame="91" outside="0" occluded="0" keyframe="1" xtl="687.64" ytl="80.90" xbr="693.20" ybr="112.10" z_order="0">
    </box>
    <box frame="92" outside="0" occluded="0" keyframe="0" xtl="693.02" ytl="81.26" xbr="700.27" ybr="112.46" z_order="0">
    </box>
    <box frame="93" outside="0" occluded="0" keyframe="1" xtl="698.39" ytl="81.62" xbr="707.35" ybr="112.82" z_order="0">
    </box>
    <box frame="94" outside="0" occluded="0" keyframe="1" xtl="707.30" ytl="81.62" xbr="714.51" ybr="112.82" z_order="0">
    </box>
    <box frame="95" outside="0" occluded="0" keyframe="0" xtl="712.88" ytl="82.88" xbr="720.96" ybr="114.07" z_order="0">
    </box>
    <box frame="96" outside="0" occluded="0" keyframe="1" xtl="718.46" ytl="84.13" xbr="727.41" ybr="115.32" z_order="0">
    </box>
    <box frame="97" outside="0" occluded="0" keyframe="1" xtl="725.58" ytl="80.77" xbr="734.53" ybr="111.96" z_order="0">
    </box>
    <box frame="98" outside="0" occluded="0" keyframe="0" xtl="732.23" ytl="81.91" xbr="741.18" ybr="113.11" z_order="0">
    </box>
    <box frame="99" outside="0" occluded="0" keyframe="1" xtl="738.88" ytl="83.05" xbr="747.84" ybr="114.25" z_order="0">
    </box>
  </track>
  <track id="5" label="person" source="manual">
    <box frame="90" outside="0" occluded="0" keyframe="1" xtl="701.69" ytl="84.32" xbr="706.35" ybr="109.33" z_order="0">
    </box>
    <box frame="91" outside="0" occluded="0" keyframe="0" xtl="708.15" ytl="84.96" xbr="712.82" ybr="109.97" z_order="0">
    </box>
    <box frame="92" outside="0" occluded="0" keyframe="1" xtl="714.62" ytl="85.59" xbr="719.28" ybr="110.60" z_order="0">
    </box>
    <box frame="93" outside="0" occluded="0" keyframe="1" xtl="721.40" ytl="85.80" xbr="726.06" ybr="110.81" z_order="0">
    </box>
    <box frame="94" outside="0" occluded="0" keyframe="0" xtl="728.29" ytl="85.17" xbr="732.95" ybr="110.18" z_order="0">
    </box>
    <box frame="95" outside="0" occluded="0" keyframe="1" xtl="735.18" ytl="84.53" xbr="739.84" ybr="109.54" z_order="0">
    </box>
    <box frame="96" outside="0" occluded="0" keyframe="0" xtl="741.96" ytl="84.53" xbr="747.17" ybr="109.54" z_order="0">
    </box>
    <box frame="97" outside="0" occluded="0" keyframe="1" xtl="748.74" ytl="84.53" xbr="754.50" ybr="109.54" z_order="0">
    </box>
    <box frame="98" outside="0" occluded="0" keyframe="1" xtl="754.67" ytl="84.96" xbr="760.43" ybr="109.97" z_order="0">
    </box>
    <box frame="99" outside="0" occluded="0" keyframe="1" xtl="760.40" ytl="85.38" xbr="766.16" ybr="110.39" z_order="0">
    </box>
  </track>
  <track id="6" label="person" source="manual">
    <box frame="83" outside="0" occluded="0" keyframe="1" xtl="647.25" ytl="86.52" xbr="655.31" ybr="108.13" z_order="0">
    </box>
    <box frame="84" outside="0" occluded="0" keyframe="0" xtl="652.74" ytl="86.52" xbr="660.80" ybr="108.13" z_order="0">
    </box>
    <box frame="85" outside="0" occluded="0" keyframe="1" xtl="658.24" ytl="86.52" xbr="666.30" ybr="108.13" z_order="0">
    </box>
    <box frame="86" outside="0" occluded="0" keyframe="0" xtl="663.85" ytl="86.52" xbr="671.91" ybr="108.13" z_order="0">
    </box>
    <box frame="87" outside="0" occluded="0" keyframe="0" xtl="669.47" ytl="86.52" xbr="677.53" ybr="108.13" z_order="0">
    </box>
    <box frame="88" outside="0" occluded="0" keyframe="1" xtl="675.09" ytl="86.52" xbr="683.14" ybr="108.13" z_order="0">
    </box>
    <box frame="89" outside="0" occluded="0" keyframe="0" xtl="682.04" ytl="86.70" xbr="690.10" ybr="108.31" z_order="0">
    </box>
    <box frame="90" outside="0" occluded="0" keyframe="1" xtl="689.00" ytl="86.89" xbr="697.06" ybr="108.49" z_order="0">
    </box>
    <box frame="91" outside="0" occluded="0" keyframe="0" xtl="694.31" ytl="86.89" xbr="702.37" ybr="108.49" z_order="0">
    </box>
    <box frame="92" outside="0" occluded="0" keyframe="1" xtl="699.62" ytl="86.89" xbr="707.68" ybr="108.49" z_order="0">
    </box>
    <box frame="93" outside="0" occluded="0" keyframe="0" xtl="706.44" ytl="87.19" xbr="714.49" ybr="109.45" z_order="0">
    </box>
    <box frame="94" outside="0" occluded="0" keyframe="0" xtl="713.25" ytl="87.49" xbr="721.29" ybr="110.40" z_order="0">
    </box>
    <box frame="95" outside="0" occluded="0" keyframe="0" xtl="720.06" ytl="87.79" xbr="728.09" ybr="111.35" z_order="0">
    </box>
    <box frame="96" outside="0" occluded="0" keyframe="0" xtl="726.88" ytl="88.10" xbr="734.90" ybr="112.30" z_order="0">
    </box>
    <box frame="97" outside="0" occluded="0" keyframe="1" xtl="733.69" ytl="88.40" xbr="741.70" ybr="113.26" z_order="0">
    </box>
    <box frame="98" outside="1" occluded="0" keyframe="1" xtl="733.69" ytl="88.40" xbr="741.70" ybr="113.26" z_order="0">
    </box>
  </track>
  <track id="7" label="person" source="manual">
    <box frame="0" outside="0" occluded="0" keyframe="1" xtl="625.71" ytl="79.15" xbr="637.63" ybr="128.00" z_order="0">
    </box>
    <box frame="1" outside="0" occluded="0" keyframe="0" xtl="636.32" ytl="79.76" xbr="648.24" ybr="128.00" z_order="0">
    </box>
    <box frame="2" outside="0" occluded="0" keyframe="0" xtl="646.94" ytl="80.37" xbr="658.85" ybr="128.00" z_order="0">
    </box>
    <box frame="3" outside="0" occluded="0" keyframe="1" xtl="657.55" ytl="80.98" xbr="669.47" ybr="128.00" z_order="0">
    </box>
    <box frame="4" outside="0" occluded="0" keyframe="0" xtl="669.64" ytl="81.59" xbr="681.56" ybr="128.00" z_order="0">
    </box>
    <box frame="5" outside="0" occluded="0" keyframe="1" xtl="681.74" ytl="82.20" xbr="693.65" ybr="128.00" z_order="0">
    </box>
    <box frame="6" outside="0" occluded="0" keyframe="0" xtl="696.19" ytl="82.45" xbr="708.79" ybr="128.00" z_order="0">
    </box>
    <box frame="7" outside="0" occluded="0" keyframe="0" xtl="710.64" ytl="82.70" xbr="723.93" ybr="128.00" z_order="0">
    </box>
    <box frame="8" outside="0" occluded="0" keyframe="0" xtl="725.09" ytl="82.96" xbr="739.06" ybr="128.00" z_order="0">
    </box>
    <box frame="9" outside="0" occluded="0" keyframe="1" xtl="739.54" ytl="83.21" xbr="754.20" ybr="128.00" z_order="0">
    </box>
    <box frame="10" outside="0" occluded="0" keyframe="0" xtl="753.68" ytl="81.99" xbr="769.60" ybr="128.00" z_order="0">
    </box>
    <box frame="11" outside="0" occluded="0" keyframe="1" xtl="767.82" ytl="80.76" xbr="785.00" ybr="128.00" z_order="0">
    </box>
    <box frame="12" outside="0" occluded="0" keyframe="0" xtl="783.23" ytl="79.43" xbr="800.05" ybr="127.89" z_order="0">
    </box>
    <box frame="13" outside="0" occluded="0" keyframe="1" xtl="798.64" ytl="78.10" xbr="815.10" ybr="127.79" z_order="0">
    </box>
    <box frame="14" outside="0" occluded="0" keyframe="0" xtl="812.27" ytl="76.91" xbr="829.23" ybr="127.83" z_order="0">
    </box>
    <box frame="15" outside="0" occluded="0" keyframe="0" xtl="825.90" ytl="75.73" xbr="843.37" ybr="127.87" z_order="0">
    </box>
    <box frame="16" outside="0" occluded="0" keyframe="1" xtl="839.54" ytl="74.55" xbr="857.50" ybr="127.92" z_order="0">
    </box>
    <box frame="17" outside="0" occluded="0" keyframe="0" xtl="853.17" ytl="73.37" xbr="869.49" ybr="127.96" z_order="0">
    </box>
    <box frame="18" outside="0" occluded="0" keyframe="1" xtl="866.81" ytl="72.18" xbr="881.47" ybr="128.00" z_order="0">
    </box>
    <box frame="19" outside="0" occluded="0" keyframe="1" xtl="878.13" ytl="73.30" xbr="892.80" ybr="128.00" z_order="0">
    </box>
    <box frame="20" outside="0" occluded="0" keyframe="1" xtl="888.51" ytl="72.31" xbr="903.17" ybr="128.00" z_order="0">
    </box>
    <box frame="21" outside="0" occluded="0" keyframe="0" xtl="897.40" ytl="71.41" xbr="911.50" ybr="126.17" z_order="0">
    </box>
    <box frame="22" outside="0" occluded="0" keyframe="0" xtl="906.30" ytl="70.52" xbr="919.84" ybr="124.35" z_order="0">
    </box>
    <box frame="23" outside="0" occluded="0" keyframe="0" xtl="915.20" ytl="69.62" xbr="928.17" ybr="122.52" z_order="0">
    </box>
    <box frame="24" outside="0" occluded="0" keyframe="1" xtl="924.10" ytl="68.72" xbr="936.50" ybr="120.70" z_order="0">
    </box>
    <box frame="25" outside="0" occluded="0" keyframe="0" xtl="930.68" ytl="67.82" xbr="942.80" ybr="118.87" z_order="0">
    </box>
    <box frame="26" outside="0" occluded="0" keyframe="0" xtl="937.25" ytl="66.93" xbr="949.10" ybr="117.05" z_order="0">
    </box>
    <box frame="27" outside="0" occluded="0" keyframe="0" xtl="943.83" ytl="66.03" xbr="955.40" ybr="115.22" z_order="0">
    </box>
    <box frame="28" outside="0" occluded="0" keyframe="1" xtl="950.40" ytl="65.13" xbr="961.70" ybr="113.40" z_order="0">
    </box>
    <box frame="29" outside="0" occluded="0" keyframe="0" xtl="956.57" ytl="64.35" xbr="967.29" ybr="111.10" z_order="0">
    </box>
    <box frame="30" outside="0" occluded="0" keyframe="1" xtl="962.74" ytl="63.57" xbr="972.88" ybr="108.80" z_order="0">
    </box>
    <box frame="31" outside="0" occluded="0" keyframe="0" xtl="967.54" ytl="62.79" xbr="977.10" ybr="106.50" z_order="0">
    </box>
    <box frame="32" outside="0" occluded="0" keyframe="0" xtl="972.34" ytl="62.01" xbr="981.32" ybr="104.21" z_order="0">
    </box>
    <box frame="33" outside="0" occluded="0" keyframe="0" xtl="977.14" ytl="61.22" xbr="985.54" ybr="101.91" z_order="0">
    </box>
    <box frame="34" outside="0" occluded="0" keyframe="1" xtl="981.94" ytl="60.44" xbr="989.76" ybr="99.61" z_order="0">
    </box>
    <box frame="35" outside="0" occluded="0" keyframe="0" xtl="986.13" ytl="59.66" xbr="993.37" ybr="97.31" z_order="0">
    </box>
    <box frame="36" outside="0" occluded="0" keyframe="0" xtl="990.32" ytl="58.88" xbr="996.99" ybr="95.01" z_order="0">
    </box>
    <box frame="37" outside="0" occluded="0" keyframe="1" xtl="994.51" ytl="58.10" xbr="1000.60" ybr="92.71" z_order="0">
    </box>
    <box frame="38" outside="0" occluded="0" keyframe="0" xtl="997.36" ytl="57.88" xbr="1003.45" ybr="92.50" z_order="0">
    </box>
    <box frame="39" outside="1" occluded="0" keyframe="1" xtl="1000.21" ytl="57.66" xbr="1006.30" ybr="92.28" z_order="0">
    </box>
  </track>
  <track id="8" label="car" source="manual">
    <box frame="0" outside="0" occluded="0" keyframe="1" xtl="495.24" ytl="73.58" xbr="511.30" ybr="87.09" z_order="0">
    </box>
    <box frame="1" outside="0" occluded="0" keyframe="0" xtl="499.76" ytl="73.03" xbr="515.81" ybr="86.54" z_order="0">
    </box>
    <box frame="2" outside="0" occluded="0" keyframe="0" xtl="504.27" ytl="72.48" xbr="520.32" ybr="85.99" z_order="0">
    </box>
    <box frame="3" outside="0" occluded="0" keyframe="0" xtl="508.78" ytl="71.93" xbr="524.83" ybr="85.44" z_order="0">
    </box>
    <box frame="4" outside="0" occluded="0" keyframe="1" xtl="513.29" ytl="71.38" xbr="529.34" ybr="84.89" z_order="0">
    </box>
    <box frame="5" outside="0" occluded="0" keyframe="0" xtl="518.16" ytl="71.82" xbr="534.22" ybr="85.33" z_order="0">
    </box>
    <box frame="6" outside="0" occluded="0" keyframe="0" xtl="523.03" ytl="72.26" xbr="539.09" ybr="85.77" z_order="0">
    </box>
    <box frame="7" outside="0" occluded="0" keyframe="0" xtl="527.90" ytl="72.70" xbr="543.96" ybr="86.21" z_order="0">
    </box>
    <box frame="8" outside="0" occluded="0" keyframe="0" xtl="532.77" ytl="73.14" xbr="548.83" ybr="86.65" z_order="0">
    </box>
    <box frame="9" outside="0" occluded="0" keyframe="1" xtl="537.64" ytl="73.58" xbr="553.70" ybr="87.08" z_order="0">
    </box>
    <box frame="10" outside="0" occluded="0" keyframe="0" xtl="542.54" ytl="73.39" xbr="558.60" ybr="86.90" z_order="0">
    </box>
    <box frame="11" outside="0" occluded="0" keyframe="0" xtl="547.45" ytl="73.20" xbr="563.50" ybr="86.71" z_order="0">
    </box>
    <box frame="12" outside="0" occluded="0" keyframe="0" xtl="552.35" ytl="73.01" xbr="568.41" ybr="86.52" z_order="0">
    </box>
    <box frame="13" outside="0" occluded="0" keyframe="0" xtl="557.26" ytl="72.82" xbr="573.31" ybr="86.33" z_order="0">
    </box>
    <box frame="14" outside="0" occluded="0" keyframe="0" xtl="562.16" ytl="72.64" xbr="578.22" ybr="86.14" z_order="0">
    </box>
    <box frame="15" outside="0" occluded="0" keyframe="0" xtl="567.06" ytl="72.45" xbr="583.12" ybr="85.95" z_order="0">
    </box>
    <box frame="16" outside="0" occluded="0" keyframe="1" xtl="571.97" ytl="72.26" xbr="588.02" ybr="85.76" z_order="0">
    </box>
    <box frame="17" outside="0" occluded="0" keyframe="0" xtl="577.18" ytl="72.50" xbr="593.23" ybr="86.00" z_order="0">
    </box>
    <box frame="18" outside="0" occluded="0" keyframe="1" xtl="582.39" ytl="72.73" xbr="598.44" ybr="86.24" z_order="0">
    </box>
    <box frame="19" outside="0" occluded="0" keyframe="0" xtl="587.59" ytl="72.09" xbr="603.65" ybr="85.60" z_order="0">
    </box>
    <box frame="20" outside="0" occluded="0" keyframe="0" xtl="592.80" ytl="71.45" xbr="608.86" ybr="84.96" z_order="0">
    </box>
    <box frame="21" outside="0" occluded="0" keyframe="0" xtl="598.01" ytl="70.81" xbr="614.07" ybr="84.32" z_order="0">
    </box>
    <box frame="22" outside="0" occluded="0" keyframe="0" xtl="603.22" ytl="70.17" xbr="619.27" ybr="83.67" z_order="0">
    </box>
    <box frame="23" outside="0" occluded="0" keyframe="0" xtl="608.43" ytl="69.52" xbr="624.48" ybr="83.03" z_order="0">
    </box>
    <box frame="24" outside="0" occluded="0" keyframe="1" xtl="613.63" ytl="68.88" xbr="629.69" ybr="82.39" z_order="0">
    </box>
    <box frame="25" outside="0" occluded="0" keyframe="0" xtl="618.77" ytl="68.64" xbr="634.82" ybr="82.15" z_order="0">
    </box>
    <box frame="26" outside="0" occluded="0" keyframe="0" xtl="623.90" ytl="68.39" xbr="639.96" ybr="81.90" z_order="0">
    </box>
    <box frame="27" outside="0" occluded="0" keyframe="1" xtl="629.04" ytl="68.15" xbr="645.09" ybr="81.66" z_order="0">
    </box>
    <box frame="28" outside="0" occluded="0" keyframe="1" xtl="634.17" ytl="67.10" xbr="650.23" ybr="81.80" z_order="0">
    </box>
    <box frame="29" outside="0" occluded="0" keyframe="0" xtl="639.48" ytl="66.58" xbr="655.00" ybr="81.04" z_order="0">
    </box>
    <box frame="30" outside="0" occluded="0" keyframe="0" xtl="644.79" ytl="66.05" xbr="659.78" ybr="80.28" z_order="0">
    </box>
    <box frame="31" outside="0" occluded="0" keyframe="0" xtl="650.10" ytl="65.53" xbr="664.55" ybr="79.51" z_order="0">
    </box>
    <box frame="32" outside="0" occluded="0" keyframe="0" xtl="655.41" ytl="65.01" xbr="669.33" ybr="78.75" z_order="0">
    </box>
    <box frame="33" outside="0" occluded="0" keyframe="1" xtl="660.72" ytl="64.48" xbr="674.10" ybr="77.99" z_order="0">
    </box>
    <box frame="34" outside="0" occluded="0" keyframe="0" xtl="666.30" ytl="64.41" xbr="679.28" ybr="77.92" z_order="0">
    </box>
    <box frame="35" outside="0" occluded="0" keyframe="0" xtl="671.87" ytl="64.34" xbr="684.47" ybr="77.84" z_order="0">
    </box>
    <box frame="36" outside="0" occluded="0" keyframe="0" xtl="677.45" ytl="64.26" xbr="689.65" ybr="77.77" z_order="0">
    </box>
    <box frame="37" outside="0" occluded="0" keyframe="0" xtl="683.02" ytl="64.19" xbr="694.83" ybr="77.70" z_order="0">
    </box>
    <box frame="38" outside="0" occluded="0" keyframe="0" xtl="688.60" ytl="64.12" xbr="700.02" ybr="77.62" z_order="0">
    </box>
    <box frame="39" outside="0" occluded="0" keyframe="1" xtl="694.17" ytl="64.04" xbr="705.20" ybr="77.55" z_order="0">
    </box>
    <box frame="40" outside="0" occluded="0" keyframe="0" xtl="699.95" ytl="64.57" xbr="710.14" ybr="78.08" z_order="0">
    </box>
    <box frame="41" outside="0" occluded="0" keyframe="0" xtl="705.73" ytl="65.10" xbr="715.08" ybr="78.61" z_order="0">
    </box>
    <box frame="42" outside="0" occluded="0" keyframe="0" xtl="711.51" ytl="65.63" xbr="720.02" ybr="79.14" z_order="0">
    </box>
    <box frame="43" outside="0" occluded="0" keyframe="0" xtl="717.29" ytl="66.16" xbr="724.96" ybr="79.66" z_order="0">
    </box>
    <box frame="44" outside="0" occluded="0" keyframe="1" xtl="723.07" ytl="66.69" xbr="729.90" ybr="80.19" z_order="0">
    </box>
    <box frame="45" outside="0" occluded="0" keyframe="0" xtl="728.43" ytl="66.69" xbr="735.25" ybr="80.19" z_order="0">
    </box>
    <box frame="46" outside="0" occluded="0" keyframe="0" xtl="733.78" ytl="66.69" xbr="740.61" ybr="80.19" z_order="0">
    </box>
    <box frame="47" outside="0" occluded="0" keyframe="0" xtl="739.14" ytl="66.69" xbr="745.96" ybr="80.19" z_order="0">
    </box>
    <box frame="48" outside="0" occluded="0" keyframe="1" xtl="744.49" ytl="66.69" xbr="751.32" ybr="80.19" z_order="0">
    </box>
    <box frame="49" outside="0" occluded="0" keyframe="0" xtl="749.67" ytl="65.84" xbr="756.50" ybr="79.35" z_order="0">
    </box>
    <box frame="50" outside="0" occluded="0" keyframe="1" xtl="754.84" ytl="65.00" xbr="761.67" ybr="78.50" z_order="0">
    </box>
    <box frame="51" outside="0" occluded="0" keyframe="0" xtl="760.29" ytl="64.40" xbr="767.12" ybr="77.44" z_order="0">
    </box>
    <box frame="52" outside="0" occluded="0" keyframe="0" xtl="765.74" ytl="63.81" xbr="772.57" ybr="76.38" z_order="0">
    </box>
    <box frame="53" outside="0" occluded="0" keyframe="0" xtl="771.19" ytl="63.22" xbr="778.02" ybr="75.32" z_order="0">
    </box>
    <box frame="54" outside="0" occluded="0" keyframe="0" xtl="776.64" ytl="62.63" xbr="783.47" ybr="74.26" z_order="0">
    </box>
    <box frame="55" outside="0" occluded="0" keyframe="1" xtl="782.09" ytl="62.04" xbr="788.92" ybr="73.20" z_order="0">
    </box>
    <box frame="56" outside="0" occluded="0" keyframe="0" xtl="787.16" ytl="61.65" xbr="793.82" ybr="72.32" z_order="0">
    </box>
    <box frame="57" outside="0" occluded="0" keyframe="0" xtl="792.23" ytl="61.26" xbr="798.71" ybr="71.43" z_order="0">
    </box>
    <box frame="58" outside="0" occluded="0" keyframe="0" xtl="797.30" ytl="60.88" xbr="803.61" ybr="70.55" z_order="0">
    </box>
    <box frame="59" outside="0" occluded="0" keyframe="0" xtl="802.38" ytl="60.49" xbr="808.51" ybr="69.67" z_order="0">
    </box>
    <box frame="60" outside="0" occluded="0" keyframe="0" xtl="807.45" ytl="60.10" xbr="813.40" ybr="68.78" z_order="0">
    </box>
    <box frame="61" outside="0" occluded="0" keyframe="1" xtl="812.52" ytl="59.71" xbr="818.30" ybr="67.90" z_order="0">
    </box>
    <box frame="62" outside="0" occluded="0" keyframe="1" xtl="817.59" ytl="59.71" xbr="823.37" ybr="67.90" z_order="0">
    </box>
    <box frame="63" outside="0" occluded="0" keyframe="0" xtl="821.71" ytl="59.50" xbr="827.49" ybr="67.69" z_order="0">
    </box>
    <box frame="64" outside="0" occluded="0" keyframe="0" xtl="825.82" ytl="59.29" xbr="831.61" ybr="67.48" z_order="0">
    </box>
    <box frame="65" outside="0" occluded="0" keyframe="0" xtl="829.94" ytl="59.08" xbr="835.73" ybr="67.27" z_order="0">
    </box>
    <box frame="66" outside="0" occluded="0" keyframe="1" xtl="834.06" ytl="58.87" xbr="839.85" ybr="67.05" z_order="0">
    </box>
    <box frame="67" outside="1" occluded="0" keyframe="1" xtl="834.06" ytl="58.87" xbr="839.85" ybr="67.05" z_order="0">
    </box>
  </track>
  <track id="9" label="rider" source="manual">
    <box frame="0" outside="0" occluded="0" keyframe="1" xtl="434.04" ytl="65.22" xbr="438.59" ybr="76.37" z_order="0">
    </box>
    <box frame="1" outside="0" occluded="0" keyframe="0" xtl="438.56" ytl="64.76" xbr="443.11" ybr="75.90" z_order="0">
    </box>
    <box frame="2" outside="0" occluded="0" keyframe="0" xtl="443.08" ytl="64.29" xbr="447.62" ybr="75.44" z_order="0">
    </box>
    <box frame="3" outside="0" occluded="0" keyframe="0" xtl="447.60" ytl="63.82" xbr="452.14" ybr="74.97" z_order="0">
    </box>
    <box frame="4" outside="0" occluded="0" keyframe="0" xtl="452.11" ytl="63.35" xbr="456.66" ybr="74.50" z_order="0">
    </box>
    <box frame="5" outside="0" occluded="0" keyframe="1" xtl="456.63" ytl="62.88" xbr="461.18" ybr="74.03" z_order="0">
    </box>
    <box frame="6" outside="0" occluded="0" keyframe="0" xtl="461.68" ytl="63.35" xbr="466.22" ybr="74.81" z_order="0">
    </box>
    <box frame="7" outside="0" occluded="0" keyframe="0" xtl="466.72" ytl="63.83" xbr="471.27" ybr="75.59" z_order="0">
    </box>
    <box frame="8" outside="0" occluded="0" keyframe="0" xtl="471.76" ytl="64.31" xbr="476.31" ybr="76.38" z_order="0">
    </box>
    <box frame="9" outside="0" occluded="0" keyframe="0" xtl="476.80" ytl="64.78" xbr="481.35" ybr="77.16" z_order="0">
    </box>
    <box frame="10" outside="0" occluded="0" keyframe="0" xtl="481.85" ytl="65.26" xbr="486.39" ybr="77.95" z_order="0">
    </box>
    <box frame="11" outside="0" occluded="0" keyframe="0" xtl="486.89" ytl="65.74" xbr="491.44" ybr="78.73" z_order="0">
    </box>
    <box frame="12" outside="0" occluded="0" keyframe="0" xtl="491.93" ytl="66.21" xbr="496.48" ybr="79.52" z_order="0">
    </box>
    <box frame="13" outside="0" occluded="0" keyframe="1" xtl="496.97" ytl="66.69" xbr="501.52" ybr="80.30" z_order="0">
    </box>
    <box frame="14" outside="0" occluded="0" keyframe="0" xtl="502.79" ytl="67.28" xbr="507.34" ybr="80.89" z_order="0">
    </box>
    <box frame="15" outside="0" occluded="0" keyframe="0" xtl="508.61" ytl="67.87" xbr="513.16" ybr="81.47" z_order="0">
    </box>
    <box frame="16" outside="0" occluded="0" keyframe="0" xtl="514.43" ytl="68.45" xbr="518.98" ybr="82.06" z_order="0">
    </box>
    <box frame="17" outside="0" occluded="0" keyframe="0" xtl="520.25" ytl="69.04" xbr="524.80" ybr="82.65" z_order="0">
    </box>
    <box frame="18" outside="0" occluded="0" keyframe="0" xtl="526.07" ytl="69.63" xbr="530.62" ybr="83.23" z_order="0">
    </box>
    <box frame="19" outside="0" occluded="0" keyframe="1" xtl="531.89" ytl="70.21" xbr="536.44" ybr="83.82" z_order="0">
    </box>
    <box frame="20" outside="0" occluded="0" keyframe="0" xtl="538.70" ytl="69.86" xbr="543.25" ybr="83.47" z_order="0">
    </box>
    <box frame="21" outside="0" occluded="0" keyframe="0" xtl="545.51" ytl="69.50" xbr="550.06" ybr="83.11" z_order="0">
    </box>
    <box frame="22" outside="0" occluded="0" keyframe="0" xtl="552.32" ytl="69.14" xbr="556.87" ybr="82.75" z_order="0">
    </box>
    <box frame="23" outside="0" occluded="0" keyframe="0" xtl="559.14" ytl="68.79" xbr="563.68" ybr="82.40" z_order="0">
    </box>
    <box frame="24" outside="0" occluded="0" keyframe="0" xtl="565.95" ytl="68.43" xbr="570.49" ybr="82.04" z_order="0">
    </box>
    <box frame="25" outside="0" occluded="0" keyframe="0" xtl="572.76" ytl="68.08" xbr="577.31" ybr="81.68" z_order="0">
    </box>
    <box frame="26" outside="0" occluded="0" keyframe="1" xtl="579.57" ytl="67.72" xbr="584.12" ybr="81.33" z_order="0">
    </box>
    <box frame="27" outside="0" occluded="0" keyframe="0" xtl="587.32" ytl="67.61" xbr="591.87" ybr="81.22" z_order="0">
    </box>
    <box frame="28" outside="0" occluded="0" keyframe="0" xtl="595.08" ytl="67.51" xbr="599.63" ybr="81.12" z_order="0">
    </box>
    <box frame="29" outside="0" occluded="0" keyframe="0" xtl="602.83" ytl="67.40" xbr="607.38" ybr="81.01" z_order="0">
    </box>
    <box frame="30" outside="0" occluded="0" keyframe="0" xtl="610.59" ytl="67.30" xbr="615.13" ybr="80.91" z_order="0">
    </box>
    <box frame="31" outside="0" occluded="0" keyframe="0" xtl="618.34" ytl="67.20" xbr="622.89" ybr="80.80" z_order="0">
    </box>
    <box frame="32" outside="0" occluded="0" keyframe="0" xtl="626.10" ytl="67.09" xbr="630.64" ybr="80.70" z_order="0">
    </box>
    <box frame="33" outside="0" occluded="0" keyframe="1" xtl="633.85" ytl="66.99" xbr="638.40" ybr="80.59" z_order="0">
    </box>
    <box frame="34" outside="0" occluded="0" keyframe="0" xtl="641.64" ytl="67.24" xbr="646.19" ybr="80.85" z_order="0">
    </box>
    <box frame="35" outside="0" occluded="0" keyframe="0" xtl="649.44" ytl="67.50" xbr="653.98" ybr="81.11" z_order="0">
    </box>
    <box frame="36" outside="0" occluded="0" keyframe="0" xtl="657.23" ytl="67.76" xbr="661.78" ybr="81.37" z_order="0">
    </box>
    <box frame="37" outside="0" occluded="0" keyframe="0" xtl="665.02" ytl="68.01" xbr="669.57" ybr="81.62" z_order="0">
    </box>
    <box frame="38" outside="0" occluded="0" keyframe="0" xtl="672.82" ytl="68.27" xbr="677.36" ybr="81.88" z_order="0">
    </box>
    <box frame="39" outside="0" occluded="0" keyframe="0" xtl="680.61" ytl="68.53" xbr="685.16" ybr="82.14" z_order="0">
    </box>
    <box frame="40" outside="0" occluded="0" keyframe="0" xtl="688.40" ytl="68.78" xbr="692.95" ybr="82.39" z_order="0">
    </box>
    <box frame="41" outside="0" occluded="0" keyframe="1" xtl="696.20" ytl="69.04" xbr="700.75" ybr="82.65" z_order="0">
    </box>
    <box frame="42" outside="0" occluded="0" keyframe="0" xtl="703.77" ytl="70.04" xbr="708.32" ybr="83.65" z_order="0">
    </box>
    <box frame="43" outside="0" occluded="0" keyframe="0" xtl="711.34" ytl="71.04" xbr="715.88" ybr="84.64" z_order="0">
    </box>
    <box frame="44" outside="0" occluded="0" keyframe="0" xtl="718.91" ytl="72.03" xbr="723.45" ybr="85.64" z_order="0">
    </box>
    <box frame="45" outside="0" occluded="0" keyframe="0" xtl="726.48" ytl="73.03" xbr="731.02" ybr="86.64" z_order="0">
    </box>
    <box frame="46" outside="0" occluded="0" keyframe="1" xtl="734.05" ytl="74.03" xbr="738.59" ybr="87.64" z_order="0">
    </box>
    <box frame="47" outside="1" occluded="0" keyframe="1" xtl="734.05" ytl="74.03" xbr="738.59" ybr="87.64" z_order="0">
    </box>
  </track>
</annotations>
