<annotation>
  <folder>frame</folder>
  <filename>frame_000007.PNG</filename>
  <source>
    <database>Unknown</database>
    <annotation>Unknown</annotation>
    <image>Unknown</image>
  </source>
  <size>
    <width>1024</width>
    <height>128</height>
    <depth></depth>
  </size>
  <segmented>0</segmented>
  <object>
    <name>car</name>
    <truncated>0</truncated>
    <occluded>0</occluded>
    <difficult>0</difficult>
    <bndbox>
      <xmin>21.4</xmin>
      <ymin>74.6</ymin>
      <xmax>39.4</xmax>
      <ymax>97.9</ymax>
    </bndbox>
    <attributes>
      <attribute>
        <name>track_id</name>
        <value>6</value>
      </attribute>
      <attribute>
        <name>keyframe</name>
        <value>True</value>
      </attribute>
    </attributes>
  </object>
  <object>
    <name>car</name>
    <truncated>0</truncated>
    <occluded>0</occluded>
    <difficult>0</difficult>
    <bndbox>
      <xmin>507.64</xmin>
      <ymin>73.29</ymin>
      <xmax>515.83</xmax>
      <ymax>80.91</ymax>
    </bndbox>
    <attributes>
      <attribute>
        <name>track_id</name>
        <value>7</value>
      </attribute>
      <attribute>
        <name>keyframe</name>
        <value>False</value>
      </attribute>
    </attributes>
  </object>
  <object>
    <name>person</name>
    <truncated>0</truncated>
    <occluded>0</occluded>
    <difficult>0</difficult>
    <bndbox>
      <xmin>464.98</xmin>
      <ymin>71.9</ymin>
      <xmax>475.18</xmax>
      <ymax>127.45</ymax>
    </bndbox>
    <attributes>
      <attribute>
        <name>track_id</name>
        <value>8</value>
      </attribute>
      <attribute>
        <name>keyframe</name>
        <value>False</value>
      </attribute>
    </attributes>
  </object>
  <object>
    <name>rider</name>
    <truncated>0</truncated>
    <occluded>0</occluded>
    <difficult>0</difficult>
    <bndbox>
      <xmin>336.69</xmin>
      <ymin>74.29</ymin>
      <xmax>346.8</xmax>
      <ymax>111.52</ymax>
    </bndbox>
    <attributes>
      <attribute>
        <name>track_id</name>
        <value>9</value>
      </attribute>
      <attribute>
        <name>keyframe</name>
        <value>False</value>
      </attribute>
    </attributes>
  </object>
  <object>
    <name>person</name>
    <truncated>0</truncated>
    <occluded>0</occluded>
    <difficult>0</difficult>
    <bndbox>
      <xmin>517.23</xmin>
      <ymin>68.93</ymin>
      <xmax>521.56</xmax>
      <ymax>79.87</ymax>
    </bndbox>
    <attributes>
      <attribute>
        <name>track_id</name>
        <value>10</value>
      </attribute>
      <attribute>
        <name>keyframe</name>
        <value>False</value>
      </attribute>
    </attributes>
  </object>
  <object>
    <name>person</name>
    <truncated>0</truncated>
    <occluded>0</occluded>
    <difficult>0</difficult>
    <bndbox>
      <xmin>522.24</xmin>
      <ymin>67.13</ymin>
      <xmax>528.5</xmax>
      <ymax>79.8</ymax>
    </bndbox>
    <attributes>
      <attribute>
        <name>track_id</name>
        <value>11</value>
      </attribute>
      <attribute>
        <name>keyframe</name>
        <value>False</value>
      </attribute>
    </attributes>
  </object>
</annotation>
