{"licenses": [{"name": "", "id": 0, "url": ""}], "info": {"contributor": "", "date_created": "", "description": "", "url": "", "version": "", "year": ""}, "categories": [{"id": 1, "name": "car", "supercategory": ""}, {"id": 2, "name": "truck", "supercategory": ""}, {"id": 3, "name": "bus", "supercategory": ""}, {"id": 4, "name": "motorcycle", "supercategory": ""}, {"id": 5, "name": "bicycle", "supercategory": ""}, {"id": 6, "name": "scooter", "supercategory": ""}, {"id": 7, "name": "person", "supercategory": ""}, {"id": 8, "name": "rider", "supercategory": ""}], "images": [{"id": 1, "width": 1024, "height": 128, "file_name": "frame_000000.PNG", "license": 0, "flickr_url": "", "coco_url": "", "date_captured": 0}, {"id": 2, "width": 1024, "height": 128, "file_name": "frame_000001.PNG", "license": 0, "flickr_url": "", "coco_url": "", "date_captured": 0}, {"id": 3, "width": 1024, "height": 128, "file_name": "frame_000002.PNG", "license": 0, "flickr_url": "", "coco_url": "", "date_captured": 0}, {"id": 4, "width": 1024, "height": 128, "file_name": "frame_000003.PNG", "license": 0, "flickr_url": "", "coco_url": "", "date_captured": 0}, {"id": 5, "width": 1024, "height": 128, "file_name": "frame_000004.PNG", "license": 0, "flickr_url": "", "coco_url": "", "date_captured": 0}, {"id": 6, "width": 1024, "height": 128, "file_name": "frame_000005.PNG", "license": 0, "flickr_url": "", "coco_url": "", "date_captured": 0}, {"id": 7, "width": 1024, "height": 128, "file_name": "frame_000006.PNG", "license": 0, "flickr_url": "", "coco_url": "", "date_captured": 0}, {"id": 8, "width": 1024, "height": 128, "file_name": "frame_000007.PNG", "license": 0, "flickr_url": "", "coco_url": "", "date_captured": 0}, {"id": 9, "width": 1024, "height": 128, "file_name": "frame_000008.PNG", "license": 0, "flickr_url": "", "coco_url": "", "date_captured": 0}, {"id": 10, "width": 1024, "height": 128, "file_name": "frame_000009.PNG", "license": 0, "flickr_url": "", "coco_url": "", "date_captured": 0}, {"id": 11, "width": 1024, "height": 128, "file_name": "frame_000010.PNG", "license": 0, "flickr_url": "", "coco_url": "", "date_captured": 0}, {"id": 12, "width": 1024, "height": 128, "file_name": "frame_000011.PNG", "license": 0, "flickr_url": "", "coco_url": "", "date_captured": 0}, {"id": 13, "width": 1024, "height": 128, "file_name": "frame_000012.PNG", "license": 0, "flickr_url": "", "coco_url": "", "date_captured": 0}, {"id": 14, "width": 1024, "height": 128, "file_name": "frame_000013.PNG", "license": 0, "flickr_url": "", "coco_url": "", "date_captured": 0}, {"id": 15, "width": 1024, "height": 128, "file_name": "frame_000014.PNG", "license": 0, "flickr_url": "", "coco_url": "", "date_captured": 0}, {"id": 16, "width": 1024, "height": 128, "file_name": "frame_000015.PNG", "license": 0, "flickr_url": "", "coco_url": "", "date_captured": 0}, {"id": 17, "width": 1024, "height": 128, "file_name": "frame_000016.PNG", "license": 0, "flickr_url": "", "coco_url": "", "date_captured": 0}, {"id": 18, "width": 1024, "height": 128, "file_name": "frame_000017.PNG", "license": 0, "flickr_url": "", "coco_url": "", "date_captured": 0}, {"id": 19, "width": 1024, "height": 128, "file_name": "frame_000018.PNG", "license": 0, "flickr_url": "", "coco_url": "", "date_captured": 0}, {"id": 20, "width": 1024, "height": 128, "file_name": "frame_000019.PNG", "license": 0, "flickr_url": "", "coco_url": "", "date_captured": 0}, {"id": 21, "width": 1024, "height": 128, "file_name": "frame_000020.PNG", "license": 0, "flickr_url": "", "coco_url": "", "date_captured": 0}, {"id": 22, "width": 1024, "height": 128, "file_name": "frame_000021.PNG", "license": 0, "flickr_url": "", "coco_url": "", "date_captured": 0}, {"id": 23, "width": 1024, "height": 128, "file_name": "frame_000022.PNG", "license": 0, "flickr_url": "", "coco_url": "", "date_captured": 0}, {"id": 24, "width": 1024, "height": 128, "file_name": "frame_000023.PNG", "license": 0, "flickr_url": "", "coco_url": "", "date_captured": 0}, {"id": 25, "width": 1024, "height": 128, "file_name": "frame_000024.PNG", "license": 0, "flickr_url": "", "coco_url": "", "date_captured": 0}, {"id": 26, "width": 1024, "height": 128, "file_name": "frame_000025.PNG", "license": 0, "flickr_url": "", "coco_url": "", "date_captured": 0}, {"id": 27, "width": 1024, "height": 128, "file_name": "frame_000026.PNG", "license": 0, "flickr_url": "", "coco_url": "", "date_captured": 0}, {"id": 28, "width": 1024, "height": 128, "file_name": "frame_000027.PNG", "license": 0, "flickr_url": "", "coco_url": "", "date_captured": 0}, {"id": 29, "width": 1024, "height": 128, "file_name": "frame_000028.PNG", "license": 0, "flickr_url": "", "coco_url": "", "date_captured": 0}, {"id": 30, "width": 1024, "height": 128, "file_name": "frame_000029.PNG", "license": 0, "flickr_url": "", "coco_url": "", "date_captured": 0}, {"id": 31, "width": 1024, "height": 128, "file_name": "frame_000030.PNG", "license": 0, "flickr_url": "", "coco_url": "", "date_captured": 0}, {"id": 32, "width": 1024, "height": 128, "file_name": "frame_000031.PNG", "license": 0, "flickr_url": "", "coco_url": "", "date_captured": 0}, {"id": 33, "width": 1024, "height": 128, "file_name": "frame_000032.PNG", "license": 0, "flickr_url": "", "coco_url": "", "date_captured": 0}, {"id": 34, "width": 1024, "height": 128, "file_name": "frame_000033.PNG", "license": 0, "flickr_url": "", "coco_url": "", "date_captured": 0}, {"id": 35, "width": 1024, "height": 128, "file_name": "frame_000034.PNG", "license": 0, "flickr_url": "", "coco_url": "", "date_captured": 0}, {"id": 36, "width": 1024, "height": 128, "file_name": "frame_000035.PNG", "license": 0, "flickr_url": "", "coco_url": "", "date_captured": 0}, {"id": 37, "width": 1024, "height": 128, "file_name": "frame_000036.PNG", "license": 0, "flickr_url": "", "coco_url": "", "date_captured": 0}, {"id": 38, "width": 1024, "height": 128, "file_name": "frame_000037.PNG", "license": 0, "flickr_url": "", "coco_url": "", "date_captured": 0}, {"id": 39, "width": 1024, "height": 128, "file_name": "frame_000038.PNG", "license": 0, "flickr_url": "", "coco_url": "", "date_captured": 0}, {"id": 40, "width": 1024, "height": 128, "file_name": "frame_000039.PNG", "license": 0, "flickr_url": "", "coco_url": "", "date_captured": 0}, {"id": 41, "width": 1024, "height": 128, "file_name": "frame_000040.PNG", "license": 0, "flickr_url": "", "coco_url": "", "date_captured": 0}, {"id": 42, "width": 1024, "height": 128, "file_name": "frame_000041.PNG", "license": 0, "flickr_url": "", "coco_url": "", "date_captured": 0}, {"id": 43, "width": 1024, "height": 128, "file_name": "frame_000042.PNG", "license": 0, "flickr_url": "", "coco_url": "", "date_captured": 0}, {"id": 44, "width": 1024, "height": 128, "file_name": "frame_000043.PNG", "license": 0, "flickr_url": "", "coco_url": "", "date_captured": 0}, {"id": 45, "width": 1024, "height": 128, "file_name": "frame_000044.PNG", "license": 0, "flickr_url": "", "coco_url": "", "date_captured": 0}, {"id": 46, "width": 1024, "height": 128, "file_name": "frame_000045.PNG", "license": 0, "flickr_url": "", "coco_url": "", "date_captured": 0}, {"id": 47, "width": 1024, "height": 128, "file_name": "frame_000046.PNG", "license": 0, "flickr_url": "", "coco_url": "", "date_captured": 0}, {"id": 48, "width": 1024, "height": 128, "file_name": "frame_000047.PNG", "license": 0, "flickr_url": "", "coco_url": "", "date_captured": 0}, {"id": 49, "width": 1024, "height": 128, "file_name": "frame_000048.PNG", "license": 0, "flickr_url": "", "coco_url": "", "date_captured": 0}, {"id": 50, "width": 1024, "height": 128, "file_name": "frame_000049.PNG", "license": 0, "flickr_url": "", "coco_url": "", "date_captured": 0}, {"id": 51, "width": 1024, "height": 128, "file_name": "frame_000050.PNG", "license": 0, "flickr_url": "", "coco_url": "", "date_captured": 0}, {"id": 52, "width": 1024, "height": 128, "file_name": "frame_000051.PNG", "license": 0, "flickr_url": "", "coco_url": "", "date_captured": 0}, {"id": 53, "width": 1024, "height": 128, "file_name": "frame_000052.PNG", "license": 0, "flickr_url": "", "coco_url": "", "date_captured": 0}, {"id": 54, "width": 1024, "height": 128, "file_name": "frame_000053.PNG", "license": 0, "flickr_url": "", "coco_url": "", "date_captured": 0}, {"id": 55, "width": 1024, "height": 128, "file_name": "frame_000054.PNG", "license": 0, "flickr_url": "", "coco_url": "", "date_captured": 0}, {"id": 56, "width": 1024, "height": 128, "file_name": "frame_000055.PNG", "license": 0, "flickr_url": "", "coco_url": "", "date_captured": 0}, {"id": 57, "width": 1024, "height": 128, "file_name": "frame_000056.PNG", "license": 0, "flickr_url": "", "coco_url": "", "date_captured": 0}, {"id": 58, "width": 1024, "height": 128, "file_name": "frame_000057.PNG", "license": 0, "flickr_url": "", "coco_url": "", "date_captured": 0}, {"id": 59, "width": 1024, "height": 128, "file_name": "frame_000058.PNG", "license": 0, "flickr_url": "", "coco_url": "", "date_captured": 0}, {"id": 60, "width": 1024, "height": 128, "file_name": "frame_000059.PNG", "license": 0, "flickr_url": "", "coco_url": "", "date_captured": 0}, {"id": 61, "width": 1024, "height": 128, "file_name": "frame_000060.PNG", "license": 0, "flickr_url": "", "coco_url": "", "date_captured": 0}, {"id": 62, "width": 1024, "height": 128, "file_name": "frame_000061.PNG", "license": 0, "flickr_url": "", "coco_url": "", "date_captured": 0}, {"id": 63, "width": 1024, "height": 128, "file_name": "frame_000062.PNG", "license": 0, "flickr_url": "", "coco_url": "", "date_captured": 0}, {"id": 64, "width": 1024, "height": 128, "file_name": "frame_000063.PNG", "license": 0, "flickr_url": "", "coco_url": "", "date_captured": 0}, {"id": 65, "width": 1024, "height": 128, "file_name": "frame_000064.PNG", "license": 0, "flickr_url": "", "coco_url": "", "date_captured": 0}, {"id": 66, "width": 1024, "height": 128, "file_name": "frame_000065.PNG", "license": 0, "flickr_url": "", "coco_url": "", "date_captured": 0}, {"id": 67, "width": 1024, "height": 128, "file_name": "frame_000066.PNG", "license": 0, "flickr_url": "", "coco_url": "", "date_captured": 0}, {"id": 68, "width": 1024, "height": 128, "file_name": "frame_000067.PNG", "license": 0, "flickr_url": "", "coco_url": "", "date_captured": 0}, {"id": 69, "width": 1024, "height": 128, "file_name": "frame_000068.PNG", "license": 0, "flickr_url": "", "coco_url": "", "date_captured": 0}, {"id": 70, "width": 1024, "height": 128, "file_name": "frame_000069.PNG", "license": 0, "flickr_url": "", "coco_url": "", "date_captured": 0}, {"id": 71, "width": 1024, "height": 128, "file_name": "frame_000070.PNG", "license": 0, "flickr_url": "", "coco_url": "", "date_captured": 0}, {"id": 72, "width": 1024, "height": 128, "file_name": "frame_000071.PNG", "license": 0, "flickr_url": "", "coco_url": "", "date_captured": 0}, {"id": 73, "width": 1024, "height": 128, "file_name": "frame_000072.PNG", "license": 0, "flickr_url": "", "coco_url": "", "date_captured": 0}, {"id": 74, "width": 1024, "height": 128, "file_name": "frame_000073.PNG", "license": 0, "flickr_url": "", "coco_url": "", "date_captured": 0}, {"id": 75, "width": 1024, "height": 128, "file_name": "frame_000074.PNG", "license": 0, "flickr_url": "", "coco_url": "", "date_captured": 0}, {"id": 76, "width": 1024, "height": 128, "file_name": "frame_000075.PNG", "license": 0, "flickr_url": "", "coco_url": "", "date_captured": 0}, {"id": 77, "width": 1024, "height": 128, "file_name": "frame_000076.PNG", "license": 0, "flickr_url": "", "coco_url": "", "date_captured": 0}, {"id": 78, "width": 1024, "height": 128, "file_name": "frame_000077.PNG", "license": 0, "flickr_url": "", "coco_url": "", "date_captured": 0}, {"id": 79, "width": 1024, "height": 128, "file_name": "frame_000078.PNG", "license": 0, "flickr_url": "", "coco_url": "", "date_captured": 0}, {"id": 80, "width": 1024, "height": 128, "file_name": "frame_000079.PNG", "license": 0, "flickr_url": "", "coco_url": "", "date_captured": 0}, {"id": 81, "width": 1024, "height": 128, "file_name": "frame_000080.PNG", "license": 0, "flickr_url": "", "coco_url": "", "date_captured": 0}, {"id": 82, "width": 1024, "height": 128, "file_name": "frame_000081.PNG", "license": 0, "flickr_url": "", "coco_url": "", "date_captured": 0}, {"id": 83, "width": 1024, "height": 128, "file_name": "frame_000082.PNG", "license": 0, "flickr_url": "", "coco_url": "", "date_captured": 0}, {"id": 84, "width": 1024, "height": 128, "file_name": "frame_000083.PNG", "license": 0, "flickr_url": "", "coco_url": "", "date_captured": 0}, {"id": 85, "width": 1024, "height": 128, "file_name": "frame_000084.PNG", "license": 0, "flickr_url": "", "coco_url": "", "date_captured": 0}, {"id": 86, "width": 1024, "height": 128, "file_name": "frame_000085.PNG", "license": 0, "flickr_url": "", "coco_url": "", "date_captured": 0}, {"id": 87, "width": 1024, "height": 128, "file_name": "frame_000086.PNG", "license": 0, "flickr_url": "", "coco_url": "", "date_captured": 0}, {"id": 88, "width": 1024, "height": 128, "file_name": "frame_000087.PNG", "license": 0, "flickr_url": "", "coco_url": "", "date_captured": 0}, {"id": 89, "width": 1024, "height": 128, "file_name": "frame_000088.PNG", "license": 0, "flickr_url": "", "coco_url": "", "date_captured": 0}, {"id": 90, "width": 1024, "height": 128, "file_name": "frame_000089.PNG", "license": 0, "flickr_url": "", "coco_url": "", "date_captured": 0}, {"id": 91, "width": 1024, "height": 128, "file_name": "frame_000090.PNG", "license": 0, "flickr_url": "", "coco_url": "", "date_captured": 0}, {"id": 92, "width": 1024, "height": 128, "file_name": "frame_000091.PNG", "license": 0, "flickr_url": "", "coco_url": "", "date_captured": 0}, {"id": 93, "width": 1024, "height": 128, "file_name": "frame_000092.PNG", "license": 0, "flickr_url": "", "coco_url": "", "date_captured": 0}, {"id": 94, "width": 1024, "height": 128, "file_name": "frame_000093.PNG", "license": 0, "flickr_url": "", "coco_url": "", "date_captured": 0}, {"id": 95, "width": 1024, "height": 128, "file_name": "frame_000094.PNG", "license": 0, "flickr_url": "", "coco_url": "", "date_captured": 0}, {"id": 96, "width": 1024, "height": 128, "file_name": "frame_000095.PNG", "license": 0, "flickr_url": "", "coco_url": "", "date_captured": 0}, {"id": 97, "width": 1024, "height": 128, "file_name": "frame_000096.PNG", "license": 0, "flickr_url": "", "coco_url": "", "date_captured": 0}, {"id": 98, "width": 1024, "height": 128, "file_name": "frame_000097.PNG", "license": 0, "flickr_url": "", "coco_url": "", "date_captured": 0}, {"id": 99, "width": 1024, "height": 128, "file_name": "frame_000098.PNG", "license": 0, "flickr_url": "", "coco_url": "", "date_captured": 0}, {"id": 100, "width": 1024, "height": 128, "file_name": "frame_000099.PNG", "license": 0, "flickr_url": "", "coco_url": "", "date_captured": 0}], "annotations": [{"id": 1, "image_id": 1, "category_id": 7, "segmentation": [], "area": 582.291999999998, "bbox": [625.71, 79.15, 11.92, 48.85], "iscrowd": 0, "attributes": {"occluded": false, "track_id": 7, "keyframe": true}}, {"id": 2, "image_id": 1, "category_id": 1, "segmentation": [], "area": 216.9706000000001, "bbox": [495.24, 73.58, 16.06, 13.51], "iscrowd": 0, "attributes": {"occluded": false, "track_id": 8, "keyframe": true}}, {"id": 3, "image_id": 1, "category_id": 8, "segmentation": [], "area": 50.73249999999952, "bbox": [434.04, 65.22, 4.55, 11.15], "iscrowd": 0, "attributes": {"occluded": false, "track_id": 9, "keyframe": true}}, {"id": 4, "image_id": 2, "category_id": 7, "segmentation": [], "area": 575.020799999998, "bbox": [636.32, 79.76, 11.92, 48.24], "iscrowd": 0, "attributes": {"occluded": false, "track_id": 7, "keyframe": false}}, {"id": 5, "image_id": 2, "category_id": 1, "segmentation": [], "area": 216.83549999999946, "bbox": [499.76, 73.03, 16.05, 13.51], "iscrowd": 0, "attributes": {"occluded": false, "track_id": 8, "keyframe": false}}, {"id": 6, "image_id": 2, "category_id": 8, "segmentation": [], "area": 50.68700000000013, "bbox": [438.56, 64.76, 4.55, 11.14], "iscrowd": 0, "attributes": {"occluded": false, "track_id": 9, "keyframe": false}}, {"id": 7, "image_id": 3, "category_id": 7, "segmentation": [], "area": 567.2732999999985, "bbox": [646.94, 80.37, 11.91, 47.63], "iscrowd": 0, "attributes": {"occluded": false, "track_id": 7, "keyframe": false}}, {"id": 8, "image_id": 3, "category_id": 1, "segmentation": [], "area": 216.83550000000076, "bbox": [504.27, 72.48, 16.05, 13.51], "iscrowd": 0, "attributes": {"occluded": false, "track_id": 8, "keyframe": false}}, {"id": 9, "image_id": 3, "category_id": 8, "segmentation": [], "area": 50.62100000000019, "bbox": [443.08, 64.29, 4.54, 11.15], "iscrowd": 0, "attributes": {"occluded": false, "track_id": 9, "keyframe": false}}, {"id": 10, "image_id": 4, "category_id": 7, "segmentation": [], "area": 560.4784000000034, "bbox": [657.55, 80.98, 11.92, 47.02], "iscrowd": 0, "attributes": {"occluded": false, "track_id": 7, "keyframe": true}}, {"id": 11, "image_id": 4, "category_id": 1, "segmentation": [], "area": 216.83550000000076, "bbox": [508.78, 71.93, 16.05, 13.51], "iscrowd": 0, "attributes": {"occluded": false, "track_id": 8, "keyframe": false}}, {"id": 12, "image_id": 4, "category_id": 8, "segmentation": [], "area": 50.62099999999959, "bbox": [447.6, 63.82, 4.54, 11.15], "iscrowd": 0, "attributes": {"occluded": false, "track_id": 9, "keyframe": false}}, {"id": 13, "image_id": 5, "category_id": 7, "segmentation": [], "area": 553.207199999998, "bbox": [669.64, 81.59, 11.92, 46.41], "iscrowd": 0, "attributes": {"occluded": false, "track_id": 7, "keyframe": false}}, {"id": 14, "image_id": 5, "category_id": 1, "segmentation": [], "area": 216.835500000001, "bbox": [513.29, 71.38, 16.05, 13.51], "iscrowd": 0, "attributes": {"occluded": false, "track_id": 8, "keyframe": true}}, {"id": 15, "image_id": 5, "category_id": 8, "segmentation": [], "area": 50.73250000000012, "bbox": [452.11, 63.35, 4.55, 11.15], "iscrowd": 0, "attributes": {"occluded": false, "track_id": 9, "keyframe": false}}, {"id": 16, "image_id": 6, "category_id": 7, "segmentation": [], "area": 545.4779999999985, "bbox": [681.74, 82.2, 11.91, 45.8], "iscrowd": 0, "attributes": {"occluded": false, "track_id": 7, "keyframe": true}}, {"id": 17, "image_id": 6, "category_id": 1, "segmentation": [], "area": 216.97060000000087, "bbox": [518.16, 71.82, 16.06, 13.51], "iscrowd": 0, "attributes": {"occluded": false, "track_id": 8, "keyframe": false}}, {"id": 18, "image_id": 6, "category_id": 8, "segmentation": [], "area": 50.73250000000012, "bbox": [456.63, 62.88, 4.55, 11.15], "iscrowd": 0, "attributes": {"occluded": false, "track_id": 9, "keyframe": true}}, {"id": 19, "image_id": 7, "category_id": 7, "segmentation": [], "area": 573.9299999999959, "bbox": [696.19, 82.45, 12.6, 45.55], "iscrowd": 0, "attributes": {"occluded": false, "track_id": 7, "keyframe": false}}, {"id": 20, "image_id": 7, "category_id": 1, "segmentation": [], "area": 216.97060000000064, "bbox": [523.03, 72.26, 16.06, 13.51], "iscrowd": 0, "attributes": {"occluded": false, "track_id": 8, "keyframe": false}}, {"id": 21, "image_id": 7, "category_id": 8, "segmentation": [], "area": 52.02840000000024, "bbox": [461.68, 63.35, 4.54, 11.46], "iscrowd": 0, "attributes": {"occluded": false, "track_id": 9, "keyframe": false}}, {"id": 22, "image_id": 8, "category_id": 7, "segmentation": [], "area": 602.0369999999983, "bbox": [710.64, 82.7, 13.29, 45.3], "iscrowd": 0, "attributes": {"occluded": false, "track_id": 7, "keyframe": false}}, {"id": 23, "image_id": 8, "category_id": 1, "segmentation": [], "area": 216.97060000000064, "bbox": [527.9, 72.7, 16.06, 13.51], "iscrowd": 0, "attributes": {"occluded": false, "track_id": 8, "keyframe": false}}, {"id": 24, "image_id": 8, "category_id": 8, "segmentation": [], "area": 53.50799999999949, "bbox": [466.72, 63.83, 4.55, 11.76], "iscrowd": 0, "attributes": {"occluded": false, "track_id": 9, "keyframe": false}}, {"id": 25, "image_id": 9, "category_id": 7, "segmentation": [], "area": 629.2087999999962, "bbox": [725.09, 82.96, 13.97, 45.04], "iscrowd": 0, "attributes": {"occluded": false, "track_id": 7, "keyframe": false}}, {"id": 26, "image_id": 9, "category_id": 1, "segmentation": [], "area": 216.97060000000087, "bbox": [532.77, 73.14, 16.06, 13.51], "iscrowd": 0, "attributes": {"occluded": false, "track_id": 8, "keyframe": false}}, {"id": 27, "image_id": 9, "category_id": 8, "segmentation": [], "area": 54.91850000000011, "bbox": [471.76, 64.31, 4.55, 12.07], "iscrowd": 0, "attributes": {"occluded": false, "track_id": 9, "keyframe": false}}, {"id": 28, "image_id": 10, "category_id": 7, "segmentation": [], "area": 656.6214000000037, "bbox": [739.54, 83.21, 14.66, 44.79], "iscrowd": 0, "attributes": {"occluded": false, "track_id": 7, "keyframe": true}}, {"id": 29, "image_id": 10, "category_id": 1, "segmentation": [], "area": 216.8100000000008, "bbox": [537.64, 73.58, 16.06, 13.5], "iscrowd": 0, "attributes": {"occluded": false, "track_id": 8, "keyframe": true}}, {"id": 30, "image_id": 10, "category_id": 8, "segmentation": [], "area": 56.32900000000012, "bbox": [476.8, 64.78, 4.55, 12.38], "iscrowd": 0, "attributes": {"occluded": false, "track_id": 9, "keyframe": false}}, {"id": 31, "image_id": 11, "category_id": 7, "segmentation": [], "area": 732.4792000000034, "bbox": [753.68, 81.99, 15.92, 46.01], "iscrowd": 0, "attributes": {"occluded": false, "track_id": 7, "keyframe": false}}, {"id": 32, "image_id": 11, "category_id": 1, "segmentation": [], "area": 216.97060000000087, "bbox": [542.54, 73.39, 16.06, 13.51], "iscrowd": 0, "attributes": {"occluded": false, "track_id": 8, "keyframe": false}}, {"id": 33, "image_id": 11, "category_id": 8, "segmentation": [], "area": 57.61259999999953, "bbox": [481.85, 65.26, 4.54, 12.69], "iscrowd": 0, "attributes": {"occluded": false, "track_id": 9, "keyframe": false}}, {"id": 34, "image_id": 12, "category_id": 7, "segmentation": [], "area": 811.5831999999975, "bbox": [767.82, 80.76, 17.18, 47.24], "iscrowd": 0, "attributes": {"occluded": false, "track_id": 7, "keyframe": true}}, {"id": 35, "image_id": 12, "category_id": 1, "segmentation": [], "area": 216.83549999999923, "bbox": [547.45, 73.2, 16.05, 13.51], "iscrowd": 0, "attributes": {"occluded": false, "track_id": 8, "keyframe": false}}, {"id": 36, "image_id": 12, "category_id": 8, "segmentation": [], "area": 59.104500000000186, "bbox": [486.89, 65.74, 4.55, 12.99], "iscrowd": 0, "attributes": {"occluded": false, "track_id": 9, "keyframe": false}}, {"id": 37, "image_id": 13, "category_id": 7, "segmentation": [], "area": 815.0971999999969, "bbox": [783.23, 79.43, 16.82, 48.46], "iscrowd": 0, "attributes": {"occluded": false, "track_id": 7, "keyframe": false}}, {"id": 38, "image_id": 13, "category_id": 1, "segmentation": [], "area": 216.9705999999991, "bbox": [552.35, 73.01, 16.06, 13.51], "iscrowd": 0, "attributes": {"occluded": false, "track_id": 8, "keyframe": false}}, {"id": 39, "image_id": 13, "category_id": 8, "segmentation": [], "area": 60.56050000000016, "bbox": [491.93, 66.21, 4.55, 13.31], "iscrowd": 0, "attributes": {"occluded": false, "track_id": 9, "keyframe": false}}, {"id": 40, "image_id": 14, "category_id": 7, "segmentation": [], "area": 817.897400000002, "bbox": [798.64, 78.1, 16.46, 49.69], "iscrowd": 0, "attributes": {"occluded": false, "track_id": 7, "keyframe": true}}, {"id": 41, "image_id": 14, "category_id": 1, "segmentation": [], "area": 216.83549999999946, "bbox": [557.26, 72.82, 16.05, 13.51], "iscrowd": 0, "attributes": {"occluded": false, "track_id": 8, "keyframe": false}}, {"id": 42, "image_id": 14, "category_id": 8, "segmentation": [], "area": 61.92549999999938, "bbox": [496.97, 66.69, 4.55, 13.61], "iscrowd": 0, "attributes": {"occluded": false, "track_id": 9, "keyframe": true}}, {"id": 43, "image_id": 15, "category_id": 7, "segmentation": [], "area": 863.6032000000018, "bbox": [812.27, 76.91, 16.96, 50.92], "iscrowd": 0, "attributes": {"occluded": false, "track_id": 7, "keyframe": false}}, {"id": 44, "image_id": 15, "category_id": 1, "segmentation": [], "area": 216.8100000000008, "bbox": [562.16, 72.64, 16.06, 13.5], "iscrowd": 0, "attributes": {"occluded": false, "track_id": 8, "keyframe": false}}, {"id": 45, "image_id": 15, "category_id": 8, "segmentation": [], "area": 61.92549999999938, "bbox": [502.79, 67.28, 4.55, 13.61], "iscrowd": 0, "attributes": {"occluded": false, "track_id": 9, "keyframe": false}}, {"id": 46, "image_id": 16, "category_id": 7, "segmentation": [], "area": 910.8858000000014, "bbox": [825.9, 75.73, 17.47, 52.14], "iscrowd": 0, "attributes": {"occluded": false, "track_id": 7, "keyframe": false}}, {"id": 47, "image_id": 16, "category_id": 1, "segmentation": [], "area": 216.8100000000008, "bbox": [567.06, 72.45, 16.06, 13.5], "iscrowd": 0, "attributes": {"occluded": false, "track_id": 8, "keyframe": false}}, {"id": 48, "image_id": 16, "category_id": 8, "segmentation": [], "area": 61.879999999999356, "bbox": [508.61, 67.87, 4.55, 13.6], "iscrowd": 0, "attributes": {"occluded": false, "track_id": 9, "keyframe": false}}, {"id": 49, "image_id": 17, "category_id": 7, "segmentation": [], "area": 958.525200000002, "bbox": [839.54, 74.55, 17.96, 53.37], "iscrowd": 0, "attributes": {"occluded": false, "track_id": 7, "keyframe": true}}, {"id": 50, "image_id": 17, "category_id": 1, "segmentation": [], "area": 216.6749999999994, "bbox": [571.97, 72.26, 16.05, 13.5], "iscrowd": 0, "attributes": {"occluded": false, "track_id": 8, "keyframe": true}}, {"id": 51, "image_id": 17, "category_id": 8, "segmentation": [], "area": 61.92550000000092, "bbox": [514.43, 68.45, 4.55, 13.61], "iscrowd": 0, "attributes": {"occluded": false, "track_id": 9, "keyframe": false}}, {"id": 52, "image_id": 18, "category_id": 7, "segmentation": [], "area": 890.9088000000025, "bbox": [853.17, 73.37, 16.32, 54.59], "iscrowd": 0, "attributes": {"occluded": false, "track_id": 7, "keyframe": false}}, {"id": 53, "image_id": 18, "category_id": 1, "segmentation": [], "area": 216.67500000000092, "bbox": [577.18, 72.5, 16.05, 13.5], "iscrowd": 0, "attributes": {"occluded": false, "track_id": 8, "keyframe": false}}, {"id": 54, "image_id": 18, "category_id": 8, "segmentation": [], "area": 61.92549999999938, "bbox": [520.25, 69.04, 4.55, 13.61], "iscrowd": 0, "attributes": {"occluded": false, "track_id": 9, "keyframe": false}}, {"id": 55, "image_id": 19, "category_id": 7, "segmentation": [], "area": 41.25440000000009, "bbox": [474.9, 61.31, 2.93, 14.08], "iscrowd": 0, "attributes": {"occluded": false, "track_id": 0, "keyframe": true}}, {"id": 56, "image_id": 19, "category_id": 7, "segmentation": [], "area": 818.3212000000045, "bbox": [866.81, 72.18, 14.66, 55.82], "iscrowd": 0, "attributes": {"occluded": false, "track_id": 7, "keyframe": true}}, {"id": 57, "image_id": 19, "category_id": 1, "segmentation": [], "area": 216.83550000000076, "bbox": [582.39, 72.73, 16.05, 13.51], "iscrowd": 0, "attributes": {"occluded": false, "track_id": 8, "keyframe": true}}, {"id": 58, "image_id": 19, "category_id": 8, "segmentation": [], "area": 61.87999999999942, "bbox": [526.07, 69.63, 4.55, 13.6], "iscrowd": 0, "attributes": {"occluded": false, "track_id": 9, "keyframe": false}}, {"id": 59, "image_id": 20, "category_id": 7, "segmentation": [], "area": 41.424599999999955, "bbox": [477.29, 60.77, 2.94, 14.09], "iscrowd": 0, "attributes": {"occluded": false, "track_id": 0, "keyframe": false}}, {"id": 60, "image_id": 20, "category_id": 7, "segmentation": [], "area": 802.4489999999978, "bbox": [878.13, 73.3, 14.67, 54.7], "iscrowd": 0, "attributes": {"occluded": false, "track_id": 7, "keyframe": true}}, {"id": 61, "image_id": 20, "category_id": 1, "segmentation": [], "area": 216.9705999999991, "bbox": [587.59, 72.09, 16.06, 13.51], "iscrowd": 0, "attributes": {"occluded": false, "track_id": 8, "keyframe": false}}, {"id": 62, "image_id": 20, "category_id": 8, "segmentation": [], "area": 61.92550000000092, "bbox": [531.89, 70.21, 4.55, 13.61], "iscrowd": 0, "attributes": {"occluded": false, "track_id": 9, "keyframe": true}}, {"id": 63, "image_id": 21, "category_id": 7, "segmentation": [], "area": 41.25440000000007, "bbox": [479.69, 60.24, 2.93, 14.08], "iscrowd": 0, "attributes": {"occluded": false, "track_id": 0, "keyframe": false}}, {"id": 64, "image_id": 21, "category_id": 7, "segmentation": [], "area": 816.4153999999982, "bbox": [888.51, 72.31, 14.66, 55.69], "iscrowd": 0, "attributes": {"occluded": false, "track_id": 7, "keyframe": true}}, {"id": 65, "image_id": 21, "category_id": 1, "segmentation": [], "area": 216.97060000000064, "bbox": [592.8, 71.45, 16.06, 13.51], "iscrowd": 0, "attributes": {"occluded": false, "track_id": 8, "keyframe": false}}, {"id": 66, "image_id": 21, "category_id": 8, "segmentation": [], "area": 61.92549999999938, "bbox": [538.7, 69.86, 4.55, 13.61], "iscrowd": 0, "attributes": {"occluded": false, "track_id": 9, "keyframe": false}}, {"id": 67, "image_id": 22, "category_id": 7, "segmentation": [], "area": 41.25440000000009, "bbox": [482.09, 59.7, 2.93, 14.08], "iscrowd": 0, "attributes": {"occluded": false, "track_id": 0, "keyframe": true}}, {"id": 68, "image_id": 22, "category_id": 7, "segmentation": [], "area": 772.1160000000013, "bbox": [897.4, 71.41, 14.1, 54.76], "iscrowd": 0, "attributes": {"occluded": false, "track_id": 7, "keyframe": false}}, {"id": 69, "image_id": 22, "category_id": 1, "segmentation": [], "area": 216.97060000000064, "bbox": [598.01, 70.81, 16.06, 13.51], "iscrowd": 0, "attributes": {"occluded": false, "track_id": 8, "keyframe": false}}, {"id": 70, "image_id": 22, "category_id": 8, "segmentation": [], "area": 61.92549999999938, "bbox": [545.51, 69.5, 4.55, 13.61], "iscrowd": 0, "attributes": {"occluded": false, "track_id": 9, "keyframe": false}}, {"id": 71, "image_id": 23, "category_id": 7, "segmentation": [], "area": 44.21119999999983, "bbox": [484.29, 59.68, 3.14, 14.08], "iscrowd": 0, "attributes": {"occluded": false, "track_id": 0, "keyframe": false}}, {"id": 72, "image_id": 23, "category_id": 7, "segmentation": [], "area": 728.8582000000041, "bbox": [906.3, 70.52, 13.54, 53.83], "iscrowd": 0, "attributes": {"occluded": false, "track_id": 7, "keyframe": false}}, {"id": 73, "image_id": 23, "category_id": 1, "segmentation": [], "area": 216.6749999999994, "bbox": [603.22, 70.17, 16.05, 13.5], "iscrowd": 0, "attributes": {"occluded": false, "track_id": 8, "keyframe": false}}, {"id": 74, "image_id": 23, "category_id": 8, "segmentation": [], "area": 61.92549999999938, "bbox": [552.32, 69.14, 4.55, 13.61], "iscrowd": 0, "attributes": {"occluded": false, "track_id": 9, "keyframe": false}}, {"id": 75, "image_id": 24, "category_id": 7, "segmentation": [], "area": 47.167999999999516, "bbox": [486.49, 59.66, 3.35, 14.08], "iscrowd": 0, "attributes": {"occluded": false, "track_id": 0, "keyframe": false}}, {"id": 76, "image_id": 24, "category_id": 7, "segmentation": [], "area": 686.1129999999953, "bbox": [915.2, 69.62, 12.97, 52.9], "iscrowd": 0, "attributes": {"occluded": false, "track_id": 7, "keyframe": false}}, {"id": 77, "image_id": 24, "category_id": 1, "segmentation": [], "area": 216.835500000001, "bbox": [608.43, 69.52, 16.05, 13.51], "iscrowd": 0, "attributes": {"occluded": false, "track_id": 8, "keyframe": false}}, {"id": 78, "image_id": 24, "category_id": 8, "segmentation": [], "area": 61.7893999999995, "bbox": [559.14, 68.79, 4.54, 13.61], "iscrowd": 0, "attributes": {"occluded": false, "track_id": 9, "keyframe": false}}, {"id": 79, "image_id": 25, "category_id": 7, "segmentation": [], "area": 50.16040000000002, "bbox": [488.69, 59.63, 3.56, 14.09], "iscrowd": 0, "attributes": {"occluded": false, "track_id": 0, "keyframe": false}}, {"id": 80, "image_id": 25, "category_id": 7, "segmentation": [], "area": 644.5519999999989, "bbox": [924.1, 68.72, 12.4, 51.98], "iscrowd": 0, "attributes": {"occluded": false, "track_id": 7, "keyframe": true}}, {"id": 81, "image_id": 25, "category_id": 1, "segmentation": [], "area": 216.97060000000087, "bbox": [613.63, 68.88, 16.06, 13.51], "iscrowd": 0, "attributes": {"occluded": false, "track_id": 8, "keyframe": true}}, {"id": 82, "image_id": 25, "category_id": 8, "segmentation": [], "area": 61.7893999999995, "bbox": [565.95, 68.43, 4.54, 13.61], "iscrowd": 0, "attributes": {"occluded": false, "track_id": 9, "keyframe": false}}, {"id": 83, "image_id": 26, "category_id": 7, "segmentation": [], "area": 53.26020000000043, "bbox": [490.89, 59.61, 3.78, 14.09], "iscrowd": 0, "attributes": {"occluded": false, "track_id": 0, "keyframe": false}}, {"id": 84, "image_id": 26, "category_id": 7, "segmentation": [], "area": 618.7260000000003, "bbox": [930.68, 67.82, 12.12, 51.05], "iscrowd": 0, "attributes": {"occluded": false, "track_id": 7, "keyframe": false}}, {"id": 85, "image_id": 26, "category_id": 1, "segmentation": [], "area": 216.835500000001, "bbox": [618.77, 68.64, 16.05, 13.51], "iscrowd": 0, "attributes": {"occluded": false, "track_id": 8, "keyframe": false}}, {"id": 86, "image_id": 26, "category_id": 8, "segmentation": [], "area": 61.87999999999942, "bbox": [572.76, 68.08, 4.55, 13.6], "iscrowd": 0, "attributes": {"occluded": false, "track_id": 9, "keyframe": false}}, {"id": 87, "image_id": 27, "category_id": 7, "segmentation": [], "area": 56.21910000000014, "bbox": [493.09, 59.59, 3.99, 14.09], "iscrowd": 0, "attributes": {"occluded": false, "track_id": 0, "keyframe": false}}, {"id": 88, "image_id": 27, "category_id": 7, "segmentation": [], "area": 593.922000000001, "bbox": [937.25, 66.93, 11.85, 50.12], "iscrowd": 0, "attributes": {"occluded": false, "track_id": 7, "keyframe": false}}, {"id": 89, "image_id": 27, "category_id": 1, "segmentation": [], "area": 216.97060000000087, "bbox": [623.9, 68.39, 16.06, 13.51], "iscrowd": 0, "attributes": {"occluded": false, "track_id": 8, "keyframe": false}}, {"id": 90, "image_id": 27, "category_id": 8, "segmentation": [], "area": 61.92549999999938, "bbox": [579.57, 67.72, 4.55, 13.61], "iscrowd": 0, "attributes": {"occluded": false, "track_id": 9, "keyframe": true}}, {"id": 91, "image_id": 28, "category_id": 7, "segmentation": [], "area": 59.03709999999995, "bbox": [495.3, 59.57, 4.19, 14.09], "iscrowd": 0, "attributes": {"occluded": false, "track_id": 0, "keyframe": false}}, {"id": 92, "image_id": 28, "category_id": 7, "segmentation": [], "area": 569.1282999999969, "bbox": [943.83, 66.03, 11.57, 49.19], "iscrowd": 0, "attributes": {"occluded": false, "track_id": 7, "keyframe": false}}, {"id": 93, "image_id": 28, "category_id": 1, "segmentation": [], "area": 216.83550000000076, "bbox": [629.04, 68.15, 16.05, 13.51], "iscrowd": 0, "attributes": {"occluded": false, "track_id": 8, "keyframe": true}}, {"id": 94, "image_id": 28, "category_id": 8, "segmentation": [], "area": 61.92549999999938, "bbox": [587.32, 67.61, 4.55, 13.61], "iscrowd": 0, "attributes": {"occluded": false, "track_id": 9, "keyframe": false}}, {"id": 95, "image_id": 29, "category_id": 7, "segmentation": [], "area": 61.95199999999967, "bbox": [497.5, 59.55, 4.4, 14.08], "iscrowd": 0, "attributes": {"occluded": false, "track_id": 0, "keyframe": true}}, {"id": 96, "image_id": 29, "category_id": 7, "segmentation": [], "area": 545.4510000000034, "bbox": [950.4, 65.13, 11.3, 48.27], "iscrowd": 0, "attributes": {"occluded": false, "track_id": 7, "keyframe": true}}, {"id": 97, "image_id": 29, "category_id": 1, "segmentation": [], "area": 236.0820000000009, "bbox": [634.17, 67.1, 16.06, 14.7], "iscrowd": 0, "attributes": {"occluded": false, "track_id": 8, "keyframe": true}}, {"id": 98, "image_id": 29, "category_id": 8, "segmentation": [], "area": 61.92549999999938, "bbox": [595.08, 67.51, 4.55, 13.61], "iscrowd": 0, "attributes": {"occluded": false, "track_id": 9, "keyframe": false}}, {"id": 99, "image_id": 30, "category_id": 7, "segmentation": [], "area": 64.06399999999968, "bbox": [500.36, 59.75, 4.4, 14.56], "iscrowd": 0, "attributes": {"occluded": false, "track_id": 0, "keyframe": false}}, {"id": 100, "image_id": 30, "category_id": 7, "segmentation": [], "area": 501.159999999996, "bbox": [956.57, 64.35, 10.72, 46.75], "iscrowd": 0, "attributes": {"occluded": false, "track_id": 7, "keyframe": false}}, {"id": 101, "image_id": 30, "category_id": 1, "segmentation": [], "area": 224.41919999999985, "bbox": [639.48, 66.58, 15.52, 14.46], "iscrowd": 0, "attributes": {"occluded": false, "track_id": 8, "keyframe": false}}, {"id": 102, "image_id": 30, "category_id": 8, "segmentation": [], "area": 61.92549999999938, "bbox": [602.83, 67.4, 4.55, 13.61], "iscrowd": 0, "attributes": {"occluded": false, "track_id": 9, "keyframe": false}}, {"id": 103, "image_id": 31, "category_id": 7, "segmentation": [], "area": 66.21999999999964, "bbox": [503.22, 59.94, 4.4, 15.05], "iscrowd": 0, "attributes": {"occluded": false, "track_id": 0, "keyframe": false}}, {"id": 104, "image_id": 31, "category_id": 7, "segmentation": [], "area": 458.63219999999933, "bbox": [962.74, 63.57, 10.14, 45.23], "iscrowd": 0, "attributes": {"occluded": false, "track_id": 7, "keyframe": true}}, {"id": 105, "image_id": 31, "category_id": 1, "segmentation": [], "area": 213.30770000000018, "bbox": [644.79, 66.05, 14.99, 14.23], "iscrowd": 0, "attributes": {"occluded": false, "track_id": 8, "keyframe": false}}, {"id": 106, "image_id": 31, "category_id": 8, "segmentation": [], "area": 61.7893999999995, "bbox": [610.59, 67.3, 4.54, 13.61], "iscrowd": 0, "attributes": {"occluded": false, "track_id": 9, "keyframe": false}}, {"id": 107, "image_id": 32, "category_id": 7, "segmentation": [], "area": 68.33200000000053, "bbox": [506.08, 60.14, 4.4, 15.53], "iscrowd": 0, "attributes": {"occluded": false, "track_id": 0, "keyframe": false}}, {"id": 108, "image_id": 32, "category_id": 7, "segmentation": [], "area": 417.8676000000026, "bbox": [967.54, 62.79, 9.56, 43.71], "iscrowd": 0, "attributes": {"occluded": false, "track_id": 7, "keyframe": false}}, {"id": 109, "image_id": 32, "category_id": 1, "segmentation": [], "area": 202.01099999999911, "bbox": [650.1, 65.53, 14.45, 13.98], "iscrowd": 0, "attributes": {"occluded": false, "track_id": 8, "keyframe": false}}, {"id": 110, "image_id": 32, "category_id": 8, "segmentation": [], "area": 61.879999999999356, "bbox": [618.34, 67.2, 4.55, 13.6], "iscrowd": 0, "attributes": {"occluded": false, "track_id": 9, "keyframe": false}}, {"id": 111, "image_id": 33, "category_id": 7, "segmentation": [], "area": 70.44400000000057, "bbox": [508.94, 60.33, 4.4, 16.01], "iscrowd": 0, "attributes": {"occluded": false, "track_id": 0, "keyframe": false}}, {"id": 112, "image_id": 33, "category_id": 7, "segmentation": [], "area": 378.95600000000076, "bbox": [972.34, 62.01, 8.98, 42.2], "iscrowd": 0, "attributes": {"occluded": false, "track_id": 7, "keyframe": false}}, {"id": 113, "image_id": 33, "category_id": 1, "segmentation": [], "area": 191.26080000000093, "bbox": [655.41, 65.01, 13.92, 13.74], "iscrowd": 0, "attributes": {"occluded": false, "track_id": 8, "keyframe": false}}, {"id": 114, "image_id": 33, "category_id": 8, "segmentation": [], "area": 61.7893999999995, "bbox": [626.1, 67.09, 4.54, 13.61], "iscrowd": 0, "attributes": {"occluded": false, "track_id": 9, "keyframe": false}}, {"id": 115, "image_id": 34, "category_id": 7, "segmentation": [], "area": 72.72090000000038, "bbox": [511.8, 60.53, 4.41, 16.49], "iscrowd": 0, "attributes": {"occluded": false, "track_id": 0, "keyframe": false}}, {"id": 116, "image_id": 34, "category_id": 7, "segmentation": [], "area": 341.7959999999991, "bbox": [977.14, 61.22, 8.4, 40.69], "iscrowd": 0, "attributes": {"occluded": false, "track_id": 7, "keyframe": false}}, {"id": 117, "image_id": 34, "category_id": 1, "segmentation": [], "area": 180.7637999999998, "bbox": [660.72, 64.48, 13.38, 13.51], "iscrowd": 0, "attributes": {"occluded": false, "track_id": 8, "keyframe": true}}, {"id": 118, "image_id": 34, "category_id": 8, "segmentation": [], "area": 61.87999999999942, "bbox": [633.85, 66.99, 4.55, 13.6], "iscrowd": 0, "attributes": {"occluded": false, "track_id": 9, "keyframe": true}}, {"id": 119, "image_id": 35, "category_id": 7, "segmentation": [], "area": 74.8818000000014, "bbox": [514.66, 60.72, 4.41, 16.98], "iscrowd": 0, "attributes": {"occluded": false, "track_id": 0, "keyframe": true}}, {"id": 120, "image_id": 35, "category_id": 7, "segmentation": [], "area": 306.30939999999754, "bbox": [981.94, 60.44, 7.82, 39.17], "iscrowd": 0, "attributes": {"occluded": false, "track_id": 7, "keyframe": true}}, {"id": 121, "image_id": 35, "category_id": 1, "segmentation": [], "area": 175.35980000000032, "bbox": [666.3, 64.41, 12.98, 13.51], "iscrowd": 0, "attributes": {"occluded": false, "track_id": 8, "keyframe": false}}, {"id": 122, "image_id": 35, "category_id": 8, "segmentation": [], "area": 61.92550000000092, "bbox": [641.64, 67.24, 4.55, 13.61], "iscrowd": 0, "attributes": {"occluded": false, "track_id": 9, "keyframe": false}}, {"id": 123, "image_id": 36, "category_id": 7, "segmentation": [], "area": 85.76229999999899, "bbox": [517.96, 61.02, 4.81, 17.83], "iscrowd": 0, "attributes": {"occluded": false, "track_id": 0, "keyframe": false}}, {"id": 124, "image_id": 36, "category_id": 7, "segmentation": [], "area": 272.5860000000004, "bbox": [986.13, 59.66, 7.24, 37.65], "iscrowd": 0, "attributes": {"occluded": false, "track_id": 7, "keyframe": false}}, {"id": 125, "image_id": 36, "category_id": 1, "segmentation": [], "area": 170.1000000000003, "bbox": [671.87, 64.34, 12.6, 13.5], "iscrowd": 0, "attributes": {"occluded": false, "track_id": 8, "keyframe": false}}, {"id": 126, "image_id": 36, "category_id": 8, "segmentation": [], "area": 61.7893999999995, "bbox": [649.44, 67.5, 4.54, 13.61], "iscrowd": 0, "attributes": {"occluded": false, "track_id": 9, "keyframe": false}}, {"id": 127, "image_id": 37, "category_id": 7, "segmentation": [], "area": 97.37490000000066, "bbox": [521.27, 61.31, 5.21, 18.69], "iscrowd": 0, "attributes": {"occluded": false, "track_id": 0, "keyframe": false}}, {"id": 128, "image_id": 37, "category_id": 7, "segmentation": [], "area": 240.98709999999855, "bbox": [990.32, 58.88, 6.67, 36.13], "iscrowd": 0, "attributes": {"occluded": false, "track_id": 7, "keyframe": false}}, {"id": 129, "image_id": 37, "category_id": 1, "segmentation": [], "area": 164.82199999999898, "bbox": [677.45, 64.26, 12.2, 13.51], "iscrowd": 0, "attributes": {"occluded": false, "track_id": 8, "keyframe": false}}, {"id": 130, "image_id": 37, "category_id": 8, "segmentation": [], "area": 61.92549999999938, "bbox": [657.23, 67.76, 4.55, 13.61], "iscrowd": 0, "attributes": {"occluded": false, "track_id": 9, "keyframe": false}}, {"id": 131, "image_id": 38, "category_id": 7, "segmentation": [], "area": 109.81480000000012, "bbox": [524.57, 61.61, 5.62, 19.54], "iscrowd": 0, "attributes": {"occluded": false, "track_id": 0, "keyframe": false}}, {"id": 132, "image_id": 38, "category_id": 7, "segmentation": [], "area": 210.77490000000105, "bbox": [994.51, 58.1, 6.09, 34.61], "iscrowd": 0, "attributes": {"occluded": false, "track_id": 7, "keyframe": true}}, {"id": 133, "image_id": 38, "category_id": 1, "segmentation": [], "area": 159.55310000000085, "bbox": [683.02, 64.19, 11.81, 13.51], "iscrowd": 0, "attributes": {"occluded": false, "track_id": 8, "keyframe": false}}, {"id": 134, "image_id": 38, "category_id": 8, "segmentation": [], "area": 61.92550000000092, "bbox": [665.02, 68.01, 4.55, 13.61], "iscrowd": 0, "attributes": {"occluded": false, "track_id": 9, "keyframe": false}}, {"id": 135, "image_id": 39, "category_id": 7, "segmentation": [], "area": 123.01199999999943, "bbox": [527.87, 61.9, 6.03, 20.4], "iscrowd": 0, "attributes": {"occluded": false, "track_id": 0, "keyframe": true}}, {"id": 136, "image_id": 39, "category_id": 7, "segmentation": [], "area": 210.8358000000011, "bbox": [997.36, 57.88, 6.09, 34.62], "iscrowd": 0, "attributes": {"occluded": false, "track_id": 7, "keyframe": false}}, {"id": 137, "image_id": 39, "category_id": 1, "segmentation": [], "area": 154.16999999999945, "bbox": [688.6, 64.12, 11.42, 13.5], "iscrowd": 0, "attributes": {"occluded": false, "track_id": 8, "keyframe": false}}, {"id": 138, "image_id": 39, "category_id": 8, "segmentation": [], "area": 61.7893999999995, "bbox": [672.82, 68.27, 4.54, 13.61], "iscrowd": 0, "attributes": {"occluded": false, "track_id": 9, "keyframe": false}}, {"id": 139, "image_id": 40, "category_id": 7, "segmentation": [], "area": 131.03189999999938, "bbox": [532.39, 63.24, 6.03, 21.73], "iscrowd": 0, "attributes": {"occluded": false, "track_id": 0, "keyframe": false}}, {"id": 140, "image_id": 40, "category_id": 1, "segmentation": [], "area": 149.01530000000108, "bbox": [694.17, 64.04, 11.03, 13.51], "iscrowd": 0, "attributes": {"occluded": false, "track_id": 8, "keyframe": true}}, {"id": 141, "image_id": 40, "category_id": 8, "segmentation": [], "area": 61.92549999999938, "bbox": [680.61, 68.53, 4.55, 13.61], "iscrowd": 0, "attributes": {"occluded": false, "track_id": 9, "keyframe": false}}, {"id": 142, "image_id": 41, "category_id": 7, "segmentation": [], "area": 139.16160000000173, "bbox": [536.91, 64.59, 6.04, 23.04], "iscrowd": 0, "attributes": {"occluded": false, "track_id": 0, "keyframe": false}}, {"id": 143, "image_id": 41, "category_id": 1, "segmentation": [], "area": 137.66689999999926, "bbox": [699.95, 64.57, 10.19, 13.51], "iscrowd": 0, "attributes": {"occluded": false, "track_id": 8, "keyframe": false}}, {"id": 144, "image_id": 41, "category_id": 8, "segmentation": [], "area": 61.92550000000092, "bbox": [688.4, 68.78, 4.55, 13.61], "iscrowd": 0, "attributes": {"occluded": false, "track_id": 9, "keyframe": false}}, {"id": 145, "image_id": 42, "category_id": 7, "segmentation": [], "area": 146.9510999999993, "bbox": [541.44, 65.93, 6.03, 24.37], "iscrowd": 0, "attributes": {"occluded": false, "track_id": 0, "keyframe": false}}, {"id": 146, "image_id": 42, "category_id": 1, "segmentation": [], "area": 126.31850000000036, "bbox": [705.73, 65.1, 9.35, 13.51], "iscrowd": 0, "attributes": {"occluded": false, "track_id": 8, "keyframe": false}}, {"id": 147, "image_id": 42, "category_id": 8, "segmentation": [], "area": 61.92549999999938, "bbox": [696.2, 69.04, 4.55, 13.61], "iscrowd": 0, "attributes": {"occluded": false, "track_id": 9, "keyframe": true}}, {"id": 148, "image_id": 43, "category_id": 7, "segmentation": [], "area": 155.16759999999906, "bbox": [545.96, 67.28, 6.04, 25.69], "iscrowd": 0, "attributes": {"occluded": false, "track_id": 0, "keyframe": false}}, {"id": 149, "image_id": 43, "category_id": 1, "segmentation": [], "area": 114.97009999999992, "bbox": [711.51, 65.63, 8.51, 13.51], "iscrowd": 0, "attributes": {"occluded": false, "track_id": 8, "keyframe": false}}, {"id": 150, "image_id": 43, "category_id": 8, "segmentation": [], "area": 61.92550000000092, "bbox": [703.77, 70.04, 4.55, 13.61], "iscrowd": 0, "attributes": {"occluded": false, "track_id": 9, "keyframe": false}}, {"id": 151, "image_id": 44, "category_id": 7, "segmentation": [], "area": 162.87029999999922, "bbox": [550.49, 68.62, 6.03, 27.01], "iscrowd": 0, "attributes": {"occluded": false, "track_id": 0, "keyframe": false}}, {"id": 152, "image_id": 44, "category_id": 1, "segmentation": [], "area": 103.54500000000098, "bbox": [717.29, 66.16, 7.67, 13.5], "iscrowd": 0, "attributes": {"occluded": false, "track_id": 8, "keyframe": false}}, {"id": 153, "image_id": 44, "category_id": 8, "segmentation": [], "area": 61.74399999999948, "bbox": [711.34, 71.04, 4.54, 13.6], "iscrowd": 0, "attributes": {"occluded": false, "track_id": 9, "keyframe": false}}, {"id": 154, "image_id": 45, "category_id": 7, "segmentation": [], "area": 170.8298999999992, "bbox": [555.01, 69.97, 6.03, 28.33], "iscrowd": 0, "attributes": {"occluded": false, "track_id": 0, "keyframe": true}}, {"id": 155, "image_id": 45, "category_id": 1, "segmentation": [], "area": 92.20499999999902, "bbox": [723.07, 66.69, 6.83, 13.5], "iscrowd": 0, "attributes": {"occluded": false, "track_id": 8, "keyframe": true}}, {"id": 156, "image_id": 45, "category_id": 8, "segmentation": [], "area": 61.78940000000105, "bbox": [718.91, 72.03, 4.54, 13.61], "iscrowd": 0, "attributes": {"occluded": false, "track_id": 9, "keyframe": false}}, {"id": 157, "image_id": 46, "category_id": 7, "segmentation": [], "area": 208.61289999999903, "bbox": [561.2, 70.29, 6.91, 30.19], "iscrowd": 0, "attributes": {"occluded": false, "track_id": 0, "keyframe": false}}, {"id": 158, "image_id": 46, "category_id": 1, "segmentation": [], "area": 92.07000000000068, "bbox": [728.43, 66.69, 6.82, 13.5], "iscrowd": 0, "attributes": {"occluded": false, "track_id": 8, "keyframe": false}}, {"id": 159, "image_id": 46, "category_id": 8, "segmentation": [], "area": 61.7893999999995, "bbox": [726.48, 73.03, 4.54, 13.61], "iscrowd": 0, "attributes": {"occluded": false, "track_id": 9, "keyframe": false}}, {"id": 160, "image_id": 47, "category_id": 7, "segmentation": [], "area": 249.99000000000217, "bbox": [567.39, 70.61, 7.8, 32.05], "iscrowd": 0, "attributes": {"occluded": false, "track_id": 0, "keyframe": false}}, {"id": 161, "image_id": 47, "category_id": 1, "segmentation": [], "area": 92.20500000000055, "bbox": [733.78, 66.69, 6.83, 13.5], "iscrowd": 0, "attributes": {"occluded": false, "track_id": 8, "keyframe": false}}, {"id": 162, "image_id": 47, "category_id": 8, "segmentation": [], "area": 61.78940000000105, "bbox": [734.05, 74.03, 4.54, 13.61], "iscrowd": 0, "attributes": {"occluded": false, "track_id": 9, "keyframe": true}}, {"id": 163, "image_id": 48, "category_id": 7, "segmentation": [], "area": 294.3387999999983, "bbox": [573.58, 70.93, 8.68, 33.91], "iscrowd": 0, "attributes": {"occluded": false, "track_id": 0, "keyframe": false}}, {"id": 164, "image_id": 48, "category_id": 1, "segmentation": [], "area": 92.07000000000068, "bbox": [739.14, 66.69, 6.82, 13.5], "iscrowd": 0, "attributes": {"occluded": false, "track_id": 8, "keyframe": false}}, {"id": 165, "image_id": 49, "category_id": 7, "segmentation": [], "area": 341.865600000002, "bbox": [579.77, 71.26, 9.56, 35.76], "iscrowd": 0, "attributes": {"occluded": false, "track_id": 0, "keyframe": false}}, {"id": 166, "image_id": 49, "category_id": 1, "segmentation": [], "area": 92.20500000000055, "bbox": [744.49, 66.69, 6.83, 13.5], "iscrowd": 0, "attributes": {"occluded": false, "track_id": 8, "keyframe": true}}, {"id": 167, "image_id": 50, "category_id": 7, "segmentation": [], "area": 392.7527999999978, "bbox": [585.96, 71.58, 10.44, 37.62], "iscrowd": 0, "attributes": {"occluded": false, "track_id": 0, "keyframe": true}}, {"id": 168, "image_id": 50, "category_id": 1, "segmentation": [], "area": 92.27330000000049, "bbox": [749.67, 65.84, 6.83, 13.51], "iscrowd": 0, "attributes": {"occluded": false, "track_id": 8, "keyframe": false}}, {"id": 169, "image_id": 51, "category_id": 7, "segmentation": [], "area": 416.7648000000022, "bbox": [594.5, 71.48, 10.44, 39.92], "iscrowd": 0, "attributes": {"occluded": false, "track_id": 0, "keyframe": false}}, {"id": 170, "image_id": 51, "category_id": 1, "segmentation": [], "area": 92.20499999999902, "bbox": [754.84, 65.0, 6.83, 13.5], "iscrowd": 0, "attributes": {"occluded": false, "track_id": 8, "keyframe": true}}, {"id": 171, "image_id": 52, "category_id": 7, "segmentation": [], "area": 440.7768000000023, "bbox": [603.04, 71.38, 10.44, 42.22], "iscrowd": 0, "attributes": {"occluded": false, "track_id": 0, "keyframe": true}}, {"id": 172, "image_id": 52, "category_id": 1, "segmentation": [], "area": 89.06320000000048, "bbox": [760.29, 64.4, 6.83, 13.04], "iscrowd": 0, "attributes": {"occluded": false, "track_id": 8, "keyframe": false}}, {"id": 173, "image_id": 53, "category_id": 7, "segmentation": [], "area": 464.6844000000023, "bbox": [613.88, 71.29, 10.44, 44.51], "iscrowd": 0, "attributes": {"occluded": false, "track_id": 0, "keyframe": false}}, {"id": 174, "image_id": 53, "category_id": 1, "segmentation": [], "area": 85.85310000000047, "bbox": [765.74, 63.81, 6.83, 12.57], "iscrowd": 0, "attributes": {"occluded": false, "track_id": 8, "keyframe": false}}, {"id": 175, "image_id": 54, "category_id": 7, "segmentation": [], "area": 488.69639999999725, "bbox": [624.72, 71.19, 10.44, 46.81], "iscrowd": 0, "attributes": {"occluded": false, "track_id": 0, "keyframe": false}}, {"id": 176, "image_id": 54, "category_id": 1, "segmentation": [], "area": 82.64299999999908, "bbox": [771.19, 63.22, 6.83, 12.1], "iscrowd": 0, "attributes": {"occluded": false, "track_id": 8, "keyframe": false}}, {"id": 177, "image_id": 55, "category_id": 7, "segmentation": [], "area": 512.7084000000027, "bbox": [635.56, 71.09, 10.44, 49.11], "iscrowd": 0, "attributes": {"occluded": false, "track_id": 0, "keyframe": false}}, {"id": 178, "image_id": 55, "category_id": 1, "segmentation": [], "area": 79.43290000000049, "bbox": [776.64, 62.63, 6.83, 11.63], "iscrowd": 0, "attributes": {"occluded": false, "track_id": 8, "keyframe": false}}, {"id": 179, "image_id": 56, "category_id": 7, "segmentation": [], "area": 536.7204000000029, "bbox": [646.4, 70.99, 10.44, 51.41], "iscrowd": 0, "attributes": {"occluded": false, "track_id": 0, "keyframe": true}}, {"id": 180, "image_id": 56, "category_id": 1, "segmentation": [], "area": 76.22279999999921, "bbox": [782.09, 62.04, 6.83, 11.16], "iscrowd": 0, "attributes": {"occluded": false, "track_id": 8, "keyframe": true}}, {"id": 181, "image_id": 57, "category_id": 7, "segmentation": [], "area": 574.8869000000005, "bbox": [660.81, 71.02, 10.99, 52.31], "iscrowd": 0, "attributes": {"occluded": false, "track_id": 0, "keyframe": false}}, {"id": 182, "image_id": 57, "category_id": 1, "segmentation": [], "area": 71.06220000000084, "bbox": [787.16, 61.65, 6.66, 10.67], "iscrowd": 0, "attributes": {"occluded": false, "track_id": 8, "keyframe": false}}, {"id": 183, "image_id": 58, "category_id": 7, "segmentation": [], "area": 614.8064999999974, "bbox": [675.21, 71.04, 11.55, 53.23], "iscrowd": 0, "attributes": {"occluded": false, "track_id": 0, "keyframe": false}}, {"id": 184, "image_id": 58, "category_id": 1, "segmentation": [], "area": 65.90160000000024, "bbox": [792.23, 61.26, 6.48, 10.17], "iscrowd": 0, "attributes": {"occluded": false, "track_id": 8, "keyframe": false}}, {"id": 185, "image_id": 59, "category_id": 7, "segmentation": [], "area": 655.6354000000008, "bbox": [689.61, 71.06, 12.11, 54.14], "iscrowd": 0, "attributes": {"occluded": false, "track_id": 0, "keyframe": false}}, {"id": 186, "image_id": 59, "category_id": 1, "segmentation": [], "area": 61.01770000000054, "bbox": [797.3, 60.88, 6.31, 9.67], "iscrowd": 0, "attributes": {"occluded": false, "track_id": 8, "keyframe": false}}, {"id": 187, "image_id": 60, "category_id": 7, "segmentation": [], "area": 697.3567999999976, "bbox": [704.01, 71.09, 12.67, 55.04], "iscrowd": 0, "attributes": {"occluded": false, "track_id": 0, "keyframe": false}}, {"id": 188, "image_id": 60, "category_id": 1, "segmentation": [], "area": 56.27339999999996, "bbox": [802.38, 60.49, 6.13, 9.18], "iscrowd": 0, "attributes": {"occluded": false, "track_id": 8, "keyframe": false}}, {"id": 189, "image_id": 61, "category_id": 7, "segmentation": [], "area": 740.350800000001, "bbox": [718.41, 71.11, 13.23, 55.96], "iscrowd": 0, "attributes": {"occluded": false, "track_id": 0, "keyframe": false}}, {"id": 190, "image_id": 61, "category_id": 1, "segmentation": [], "area": 51.645999999999404, "bbox": [807.45, 60.1, 5.95, 8.68], "iscrowd": 0, "attributes": {"occluded": false, "track_id": 8, "keyframe": false}}, {"id": 191, "image_id": 62, "category_id": 7, "segmentation": [], "area": 784.0994000000044, "bbox": [732.81, 71.14, 13.79, 56.86], "iscrowd": 0, "attributes": {"occluded": false, "track_id": 0, "keyframe": true}}, {"id": 192, "image_id": 62, "category_id": 1, "segmentation": [], "area": 47.3381999999998, "bbox": [812.52, 59.71, 5.78, 8.19], "iscrowd": 0, "attributes": {"occluded": false, "track_id": 8, "keyframe": true}}, {"id": 193, "image_id": 63, "category_id": 7, "segmentation": [], "area": 772.7823999999985, "bbox": [749.1, 71.92, 13.78, 56.08], "iscrowd": 0, "attributes": {"occluded": false, "track_id": 0, "keyframe": false}}, {"id": 194, "image_id": 63, "category_id": 1, "segmentation": [], "area": 47.3381999999998, "bbox": [817.59, 59.71, 5.78, 8.19], "iscrowd": 0, "attributes": {"occluded": false, "track_id": 8, "keyframe": true}}, {"id": 195, "image_id": 64, "category_id": 7, "segmentation": [], "area": 762.5869999999979, "bbox": [765.38, 72.7, 13.79, 55.3], "iscrowd": 0, "attributes": {"occluded": false, "track_id": 0, "keyframe": false}}, {"id": 196, "image_id": 64, "category_id": 1, "segmentation": [], "area": 47.338199999999766, "bbox": [821.71, 59.5, 5.78, 8.19], "iscrowd": 0, "attributes": {"occluded": false, "track_id": 8, "keyframe": false}}, {"id": 197, "image_id": 65, "category_id": 7, "segmentation": [], "area": 751.2856000000047, "bbox": [781.67, 73.48, 13.78, 54.52], "iscrowd": 0, "attributes": {"occluded": false, "track_id": 0, "keyframe": true}}, {"id": 198, "image_id": 65, "category_id": 1, "segmentation": [], "area": 47.42009999999973, "bbox": [825.82, 59.29, 5.79, 8.19], "iscrowd": 0, "attributes": {"occluded": false, "track_id": 8, "keyframe": false}}, {"id": 199, "image_id": 66, "category_id": 7, "segmentation": [], "area": 751.2855999999985, "bbox": [797.15, 71.65, 13.78, 54.52], "iscrowd": 0, "attributes": {"occluded": false, "track_id": 0, "keyframe": false}}, {"id": 200, "image_id": 66, "category_id": 7, "segmentation": [], "area": 101.75, "bbox": [497.9, 68.8, 5.5, 18.5], "iscrowd": 0, "attributes": {"occluded": false, "track_id": 1, "keyframe": true}}, {"id": 201, "image_id": 66, "category_id": 1, "segmentation": [], "area": 47.42009999999969, "bbox": [829.94, 59.08, 5.79, 8.19], "iscrowd": 0, "attributes": {"occluded": false, "track_id": 8, "keyframe": false}}, {"id": 202, "image_id": 67, "category_id": 7, "segmentation": [], "area": 751.6928999999981, "bbox": [812.62, 69.82, 13.79, 54.51], "iscrowd": 0, "attributes": {"occluded": false, "track_id": 0, "keyframe": true}}, {"id": 203, "image_id": 67, "category_id": 7, "segmentation": [], "area": 101.75, "bbox": [501.25, 70.65, 5.5, 18.5], "iscrowd": 0, "attributes": {"occluded": false, "track_id": 1, "keyframe": false}}, {"id": 204, "image_id": 67, "category_id": 1, "segmentation": [], "area": 47.362200000000634, "bbox": [834.06, 58.87, 5.79, 8.18], "iscrowd": 0, "attributes": {"occluded": false, "track_id": 8, "keyframe": true}}, {"id": 205, "image_id": 68, "category_id": 7, "segmentation": [], "area": 726.4815999999986, "bbox": [824.83, 69.73, 13.78, 52.72], "iscrowd": 0, "attributes": {"occluded": false, "track_id": 0, "keyframe": false}}, {"id": 206, "image_id": 68, "category_id": 7, "segmentation": [], "area": 101.75, "bbox": [504.6, 72.5, 5.5, 18.5], "iscrowd": 0, "attributes": {"occluded": false, "track_id": 1, "keyframe": false}}, {"id": 207, "image_id": 69, "category_id": 7, "segmentation": [], "area": 701.6776000000044, "bbox": [837.04, 69.64, 13.78, 50.92], "iscrowd": 0, "attributes": {"occluded": false, "track_id": 0, "keyframe": false}}, {"id": 208, "image_id": 69, "category_id": 7, "segmentation": [], "area": 101.75000000000105, "bbox": [507.95, 74.35, 5.5, 18.5], "iscrowd": 0, "attributes": {"occluded": false, "track_id": 1, "keyframe": false}}, {"id": 209, "image_id": 70, "category_id": 7, "segmentation": [], "area": 677.3647999999982, "bbox": [849.24, 69.55, 13.79, 49.12], "iscrowd": 0, "attributes": {"occluded": false, "track_id": 0, "keyframe": false}}, {"id": 210, "image_id": 70, "category_id": 7, "segmentation": [], "area": 101.74999999999895, "bbox": [511.3, 76.2, 5.5, 18.5], "iscrowd": 0, "attributes": {"occluded": false, "track_id": 1, "keyframe": true}}, {"id": 211, "image_id": 71, "category_id": 7, "segmentation": [], "area": 652.0695999999988, "bbox": [861.45, 69.47, 13.78, 47.32], "iscrowd": 0, "attributes": {"occluded": false, "track_id": 0, "keyframe": false}}, {"id": 212, "image_id": 71, "category_id": 7, "segmentation": [], "area": 109.61499999999995, "bbox": [515.05, 76.7, 5.5, 19.93], "iscrowd": 0, "attributes": {"occluded": false, "track_id": 1, "keyframe": false}}, {"id": 213, "image_id": 72, "category_id": 7, "segmentation": [], "area": 627.7208000000037, "bbox": [873.65, 69.38, 13.79, 45.52], "iscrowd": 0, "attributes": {"occluded": false, "track_id": 0, "keyframe": true}}, {"id": 214, "image_id": 72, "category_id": 7, "segmentation": [], "area": 117.42499999999997, "bbox": [518.8, 77.2, 5.5, 21.35], "iscrowd": 0, "attributes": {"occluded": false, "track_id": 1, "keyframe": false}}, {"id": 215, "image_id": 73, "category_id": 7, "segmentation": [], "area": 569.8934999999981, "bbox": [882.08, 69.23, 13.05, 43.67], "iscrowd": 0, "attributes": {"occluded": false, "track_id": 0, "keyframe": false}}, {"id": 216, "image_id": 73, "category_id": 7, "segmentation": [], "area": 125.29, "bbox": [522.55, 77.7, 5.5, 22.78], "iscrowd": 0, "attributes": {"occluded": false, "track_id": 1, "keyframe": false}}, {"id": 217, "image_id": 74, "category_id": 7, "segmentation": [], "area": 514.6811000000025, "bbox": [890.51, 69.09, 12.31, 41.81], "iscrowd": 0, "attributes": {"occluded": false, "track_id": 0, "keyframe": false}}, {"id": 218, "image_id": 74, "category_id": 7, "segmentation": [], "area": 133.10000000000002, "bbox": [526.3, 78.2, 5.5, 24.2], "iscrowd": 0, "attributes": {"occluded": false, "track_id": 1, "keyframe": true}}, {"id": 219, "image_id": 75, "category_id": 7, "segmentation": [], "area": 462.7367999999972, "bbox": [898.94, 68.94, 11.58, 39.96], "iscrowd": 0, "attributes": {"occluded": false, "track_id": 0, "keyframe": false}}, {"id": 220, "image_id": 75, "category_id": 7, "segmentation": [], "area": 146.625, "bbox": [530.1, 78.4, 5.75, 25.5], "iscrowd": 0, "attributes": {"occluded": false, "track_id": 1, "keyframe": false}}, {"id": 221, "image_id": 76, "category_id": 7, "segmentation": [], "area": 413.11240000000123, "bbox": [907.37, 68.79, 10.84, 38.11], "iscrowd": 0, "attributes": {"occluded": false, "track_id": 0, "keyframe": false}}, {"id": 222, "image_id": 76, "category_id": 7, "segmentation": [], "area": 160.80000000000007, "bbox": [533.9, 78.6, 6.0, 26.8], "iscrowd": 0, "attributes": {"occluded": false, "track_id": 1, "keyframe": false}}, {"id": 223, "image_id": 76, "category_id": 7, "segmentation": [], "area": 57.19999999999999, "bbox": [469.3, 79.7, 4.0, 14.3], "iscrowd": 0, "attributes": {"occluded": false, "track_id": 2, "keyframe": true}}, {"id": 224, "image_id": 77, "category_id": 7, "segmentation": [], "area": 366.1250000000008, "bbox": [915.8, 68.65, 10.1, 36.25], "iscrowd": 0, "attributes": {"occluded": false, "track_id": 0, "keyframe": true}}, {"id": 225, "image_id": 77, "category_id": 7, "segmentation": [], "area": 175.62500000000006, "bbox": [537.7, 78.8, 6.25, 28.1], "iscrowd": 0, "attributes": {"occluded": false, "track_id": 1, "keyframe": false}}, {"id": 226, "image_id": 77, "category_id": 7, "segmentation": [], "area": 57.200000000000045, "bbox": [470.8, 79.6, 4.0, 14.3], "iscrowd": 0, "attributes": {"occluded": false, "track_id": 2, "keyframe": false}}, {"id": 227, "image_id": 78, "category_id": 7, "segmentation": [], "area": 350.2680000000007, "bbox": [921.41, 68.9, 10.1, 34.68], "iscrowd": 0, "attributes": {"occluded": false, "track_id": 0, "keyframe": false}}, {"id": 228, "image_id": 78, "category_id": 7, "segmentation": [], "area": 191.10000000000002, "bbox": [541.5, 79.0, 6.5, 29.4], "iscrowd": 0, "attributes": {"occluded": false, "track_id": 1, "keyframe": true}}, {"id": 229, "image_id": 78, "category_id": 7, "segmentation": [], "area": 57.19999999999999, "bbox": [472.3, 79.5, 4.0, 14.3], "iscrowd": 0, "attributes": {"occluded": false, "track_id": 2, "keyframe": true}}, {"id": 230, "image_id": 79, "category_id": 7, "segmentation": [], "area": 334.2090000000008, "bbox": [927.02, 69.16, 10.1, 33.09], "iscrowd": 0, "attributes": {"occluded": false, "track_id": 0, "keyframe": false}}, {"id": 231, "image_id": 79, "category_id": 7, "segmentation": [], "area": 214.83000000000197, "bbox": [545.65, 79.43, 6.93, 31.0], "iscrowd": 0, "attributes": {"occluded": false, "track_id": 1, "keyframe": false}}, {"id": 232, "image_id": 79, "category_id": 7, "segmentation": [], "area": 62.204999999999565, "bbox": [473.35, 79.6, 4.35, 14.3], "iscrowd": 0, "attributes": {"occluded": false, "track_id": 2, "keyframe": false}}, {"id": 233, "image_id": 80, "category_id": 7, "segmentation": [], "area": 318.2510000000008, "bbox": [932.63, 69.42, 10.1, 31.51], "iscrowd": 0, "attributes": {"occluded": false, "track_id": 0, "keyframe": false}}, {"id": 234, "image_id": 80, "category_id": 7, "segmentation": [], "area": 239.6100000000008, "bbox": [549.8, 79.85, 7.35, 32.6], "iscrowd": 0, "attributes": {"occluded": false, "track_id": 1, "keyframe": false}}, {"id": 235, "image_id": 80, "category_id": 7, "segmentation": [], "area": 67.21000000000063, "bbox": [474.4, 79.7, 4.7, 14.3], "iscrowd": 0, "attributes": {"occluded": false, "track_id": 2, "keyframe": true}}, {"id": 236, "image_id": 81, "category_id": 7, "segmentation": [], "area": 302.29300000000063, "bbox": [938.25, 69.67, 10.1, 29.93], "iscrowd": 0, "attributes": {"occluded": false, "track_id": 0, "keyframe": true}}, {"id": 237, "image_id": 81, "category_id": 7, "segmentation": [], "area": 266.0759999999991, "bbox": [553.95, 80.28, 7.78, 34.2], "iscrowd": 0, "attributes": {"occluded": false, "track_id": 1, "keyframe": false}}, {"id": 238, "image_id": 81, "category_id": 7, "segmentation": [], "area": 69.79499999999987, "bbox": [475.95, 79.8, 4.7, 14.85], "iscrowd": 0, "attributes": {"occluded": false, "track_id": 2, "keyframe": false}}, {"id": 239, "image_id": 81, "category_id": 7, "segmentation": [], "area": 67.58639999999951, "bbox": [480.22, 79.62, 4.47, 15.12], "iscrowd": 0, "attributes": {"occluded": false, "track_id": 3, "keyframe": true}}, {"id": 240, "image_id": 82, "category_id": 7, "segmentation": [], "area": 287.04259999999954, "bbox": [942.46, 69.6, 9.77, 29.38], "iscrowd": 0, "attributes": {"occluded": false, "track_id": 0, "keyframe": false}}, {"id": 241, "image_id": 82, "category_id": 7, "segmentation": [], "area": 293.55999999999756, "bbox": [558.1, 80.7, 8.2, 35.8], "iscrowd": 0, "attributes": {"occluded": false, "track_id": 1, "keyframe": true}}, {"id": 242, "image_id": 82, "category_id": 7, "segmentation": [], "area": 72.37999999999978, "bbox": [477.5, 79.9, 4.7, 15.4], "iscrowd": 0, "attributes": {"occluded": false, "track_id": 2, "keyframe": true}}, {"id": 243, "image_id": 82, "category_id": 7, "segmentation": [], "area": 70.26840000000043, "bbox": [481.95, 79.18, 4.47, 15.72], "iscrowd": 0, "attributes": {"occluded": false, "track_id": 3, "keyframe": true}}, {"id": 244, "image_id": 83, "category_id": 7, "segmentation": [], "area": 271.7726000000018, "bbox": [946.68, 69.53, 9.43, 28.82], "iscrowd": 0, "attributes": {"occluded": false, "track_id": 0, "keyframe": false}}, {"id": 245, "image_id": 83, "category_id": 7, "segmentation": [], "area": 320.9143999999979, "bbox": [563.57, 80.93, 8.56, 37.49], "iscrowd": 0, "attributes": {"occluded": false, "track_id": 1, "keyframe": false}}, {"id": 246, "image_id": 83, "category_id": 7, "segmentation": [], "area": 72.38000000000066, "bbox": [478.65, 79.9, 4.7, 15.4], "iscrowd": 0, "attributes": {"occluded": false, "track_id": 2, "keyframe": false}}, {"id": 247, "image_id": 83, "category_id": 7, "segmentation": [], "area": 70.11119999999967, "bbox": [483.11, 79.18, 4.46, 15.72], "iscrowd": 0, "attributes": {"occluded": false, "track_id": 3, "keyframe": true}}, {"id": 248, "image_id": 83, "category_id": 7, "segmentation": [], "area": 194.96679999999915, "bbox": [635.69, 82.7, 7.16, 27.23], "iscrowd": 0, "attributes": {"occluded": false, "track_id": 4, "keyframe": true}}, {"id": 249, "image_id": 84, "category_id": 7, "segmentation": [], "area": 257.0652000000009, "bbox": [950.9, 69.45, 9.09, 28.28], "iscrowd": 0, "attributes": {"occluded": false, "track_id": 0, "keyframe": false}}, {"id": 250, "image_id": 84, "category_id": 7, "segmentation": [], "area": 349.69880000000245, "bbox": [569.04, 81.17, 8.93, 39.16], "iscrowd": 0, "attributes": {"occluded": false, "track_id": 1, "keyframe": false}}, {"id": 251, "image_id": 84, "category_id": 7, "segmentation": [], "area": 72.37999999999978, "bbox": [479.8, 79.9, 4.7, 15.4], "iscrowd": 0, "attributes": {"occluded": false, "track_id": 2, "keyframe": false}}, {"id": 252, "image_id": 84, "category_id": 7, "segmentation": [], "area": 73.39740000000039, "bbox": [484.83, 79.18, 4.47, 16.42], "iscrowd": 0, "attributes": {"occluded": false, "track_id": 3, "keyframe": true}}, {"id": 253, "image_id": 84, "category_id": 7, "segmentation": [], "area": 194.96680000000225, "bbox": [641.78, 82.7, 7.16, 27.23], "iscrowd": 0, "attributes": {"occluded": false, "track_id": 4, "keyframe": true}}, {"id": 254, "image_id": 84, "category_id": 7, "segmentation": [], "area": 174.1765999999988, "bbox": [647.25, 86.52, 8.06, 21.61], "iscrowd": 0, "attributes": {"occluded": false, "track_id": 6, "keyframe": true}}, {"id": 255, "image_id": 85, "category_id": 7, "segmentation": [], "area": 242.54999999999998, "bbox": [955.12, 69.38, 8.75, 27.72], "iscrowd": 0, "attributes": {"occluded": false, "track_id": 0, "keyframe": false}}, {"id": 256, "image_id": 85, "category_id": 7, "segmentation": [], "area": 379.49649999999843, "bbox": [574.51, 81.4, 9.29, 40.85], "iscrowd": 0, "attributes": {"occluded": false, "track_id": 1, "keyframe": true}}, {"id": 257, "image_id": 85, "category_id": 7, "segmentation": [], "area": 72.37999999999978, "bbox": [480.95, 79.9, 4.7, 15.4], "iscrowd": 0, "attributes": {"occluded": false, "track_id": 2, "keyframe": false}}, {"id": 258, "image_id": 85, "category_id": 7, "segmentation": [], "area": 73.23319999999961, "bbox": [485.99, 79.18, 4.46, 16.42], "iscrowd": 0, "attributes": {"occluded": false, "track_id": 3, "keyframe": false}}, {"id": 259, "image_id": 85, "category_id": 7, "segmentation": [], "area": 195.2391000000019, "bbox": [646.91, 82.34, 7.17, 27.23], "iscrowd": 0, "attributes": {"occluded": false, "track_id": 4, "keyframe": false}}, {"id": 260, "image_id": 85, "category_id": 7, "segmentation": [], "area": 174.1765999999988, "bbox": [652.74, 86.52, 8.06, 21.61], "iscrowd": 0, "attributes": {"occluded": false, "track_id": 6, "keyframe": false}}, {"id": 261, "image_id": 86, "category_id": 7, "segmentation": [], "area": 228.49969999999914, "bbox": [959.34, 69.31, 8.41, 27.17], "iscrowd": 0, "attributes": {"occluded": false, "track_id": 0, "keyframe": false}}, {"id": 262, "image_id": 86, "category_id": 7, "segmentation": [], "area": 459.0065999999985, "bbox": [579.98, 81.63, 10.79, 42.54], "iscrowd": 0, "attributes": {"occluded": false, "track_id": 1, "keyframe": false}}, {"id": 263, "image_id": 86, "category_id": 7, "segmentation": [], "area": 72.37999999999978, "bbox": [482.1, 79.9, 4.7, 15.4], "iscrowd": 0, "attributes": {"occluded": false, "track_id": 2, "keyframe": true}}, {"id": 264, "image_id": 86, "category_id": 7, "segmentation": [], "area": 73.23320000000054, "bbox": [487.14, 79.18, 4.46, 16.42], "iscrowd": 0, "attributes": {"occluded": false, "track_id": 3, "keyframe": true}}, {"id": 265, "image_id": 86, "category_id": 7, "segmentation": [], "area": 195.2391000000019, "bbox": [652.05, 81.98, 7.17, 27.23], "iscrowd": 0, "attributes": {"occluded": false, "track_id": 4, "keyframe": false}}, {"id": 266, "image_id": 86, "category_id": 7, "segmentation": [], "area": 174.1765999999988, "bbox": [658.24, 86.52, 8.06, 21.61], "iscrowd": 0, "attributes": {"occluded": false, "track_id": 6, "keyframe": true}}, {"id": 267, "image_id": 87, "category_id": 7, "segmentation": [], "area": 215.35580000000076, "bbox": [963.55, 69.23, 8.09, 26.62], "iscrowd": 0, "attributes": {"occluded": false, "track_id": 0, "keyframe": false}}, {"id": 268, "image_id": 87, "category_id": 7, "segmentation": [], "area": 542.8987999999987, "bbox": [585.45, 81.87, 12.28, 44.21], "iscrowd": 0, "attributes": {"occluded": false, "track_id": 1, "keyframe": true}}, {"id": 269, "image_id": 87, "category_id": 7, "segmentation": [], "area": 75.81859999999992, "bbox": [483.63, 79.92, 4.82, 15.73], "iscrowd": 0, "attributes": {"occluded": false, "track_id": 2, "keyframe": false}}, {"id": 270, "image_id": 87, "category_id": 7, "segmentation": [], "area": 76.66049999999952, "bbox": [488.43, 78.75, 4.47, 17.15], "iscrowd": 0, "attributes": {"occluded": false, "track_id": 3, "keyframe": false}}, {"id": 271, "image_id": 87, "category_id": 7, "segmentation": [], "area": 194.96679999999907, "bbox": [657.19, 81.62, 7.16, 27.23], "iscrowd": 0, "attributes": {"occluded": false, "track_id": 4, "keyframe": true}}, {"id": 272, "image_id": 87, "category_id": 7, "segmentation": [], "area": 174.1765999999988, "bbox": [663.85, 86.52, 8.06, 21.61], "iscrowd": 0, "attributes": {"occluded": false, "track_id": 6, "keyframe": false}}, {"id": 273, "image_id": 88, "category_id": 7, "segmentation": [], "area": 202.04250000000005, "bbox": [967.77, 69.16, 7.75, 26.07], "iscrowd": 0, "attributes": {"occluded": false, "track_id": 0, "keyframe": false}}, {"id": 274, "image_id": 88, "category_id": 7, "segmentation": [], "area": 601.2899999999959, "bbox": [593.2, 82.1, 13.1, 45.9], "iscrowd": 0, "attributes": {"occluded": false, "track_id": 1, "keyframe": true}}, {"id": 275, "image_id": 88, "category_id": 7, "segmentation": [], "area": 79.33639999999997, "bbox": [485.16, 79.94, 4.94, 16.06], "iscrowd": 0, "attributes": {"occluded": false, "track_id": 2, "keyframe": false}}, {"id": 276, "image_id": 88, "category_id": 7, "segmentation": [], "area": 79.74479999999967, "bbox": [489.73, 78.32, 4.46, 17.88], "iscrowd": 0, "attributes": {"occluded": false, "track_id": 3, "keyframe": true}}, {"id": 277, "image_id": 88, "category_id": 7, "segmentation": [], "area": 194.96680000000217, "bbox": [663.16, 82.04, 7.16, 27.23], "iscrowd": 0, "attributes": {"occluded": false, "track_id": 4, "keyframe": true}}, {"id": 278, "image_id": 88, "category_id": 7, "segmentation": [], "area": 174.1765999999988, "bbox": [669.47, 86.52, 8.06, 21.61], "iscrowd": 0, "attributes": {"occluded": false, "track_id": 6, "keyframe": false}}, {"id": 279, "image_id": 89, "category_id": 7, "segmentation": [], "area": 189.02909999999912, "bbox": [971.99, 69.09, 7.41, 25.51], "iscrowd": 0, "attributes": {"occluded": false, "track_id": 0, "keyframe": true}}, {"id": 280, "image_id": 89, "category_id": 7, "segmentation": [], "area": 589.2380000000011, "bbox": [600.27, 83.02, 13.1, 44.98], "iscrowd": 0, "attributes": {"occluded": false, "track_id": 1, "keyframe": true}}, {"id": 281, "image_id": 89, "category_id": 7, "segmentation": [], "area": 82.93340000000003, "bbox": [486.69, 79.96, 5.06, 16.39], "iscrowd": 0, "attributes": {"occluded": false, "track_id": 2, "keyframe": false}}, {"id": 282, "image_id": 89, "category_id": 7, "segmentation": [], "area": 79.92359999999951, "bbox": [491.67, 78.46, 4.47, 17.88], "iscrowd": 0, "attributes": {"occluded": false, "track_id": 3, "keyframe": false}}, {"id": 283, "image_id": 89, "category_id": 7, "segmentation": [], "area": 195.23909999999893, "bbox": [669.23, 81.66, 7.17, 27.23], "iscrowd": 0, "attributes": {"occluded": false, "track_id": 4, "keyframe": true}}, {"id": 284, "image_id": 89, "category_id": 7, "segmentation": [], "area": 173.960499999999, "bbox": [675.09, 86.52, 8.05, 21.61], "iscrowd": 0, "attributes": {"occluded": false, "track_id": 6, "keyframe": true}}, {"id": 285, "image_id": 90, "category_id": 7, "segmentation": [], "area": 177.0005999999996, "bbox": [975.34, 69.01, 7.14, 24.79], "iscrowd": 0, "attributes": {"occluded": false, "track_id": 0, "keyframe": false}}, {"id": 286, "image_id": 90, "category_id": 7, "segmentation": [], "area": 577.6266000000006, "bbox": [610.8, 83.94, 13.11, 44.06], "iscrowd": 0, "attributes": {"occluded": false, "track_id": 1, "keyframe": false}}, {"id": 287, "image_id": 90, "category_id": 7, "segmentation": [], "area": 86.60959999999916, "bbox": [488.22, 79.98, 5.18, 16.72], "iscrowd": 0, "attributes": {"occluded": false, "track_id": 2, "keyframe": false}}, {"id": 288, "image_id": 90, "category_id": 7, "segmentation": [], "area": 79.74479999999961, "bbox": [493.62, 78.61, 4.46, 17.88], "iscrowd": 0, "attributes": {"occluded": false, "track_id": 3, "keyframe": true}}, {"id": 289, "image_id": 90, "category_id": 7, "segmentation": [], "area": 194.96680000000217, "bbox": [674.56, 82.18, 7.16, 27.23], "iscrowd": 0, "attributes": {"occluded": false, "track_id": 4, "keyframe": true}}, {"id": 290, "image_id": 90, "category_id": 7, "segmentation": [], "area": 174.1766000000013, "bbox": [682.04, 86.7, 8.06, 21.61], "iscrowd": 0, "attributes": {"occluded": false, "track_id": 6, "keyframe": false}}, {"id": 291, "image_id": 91, "category_id": 7, "segmentation": [], "area": 165.5327999999999, "bbox": [978.69, 68.94, 6.88, 24.06], "iscrowd": 0, "attributes": {"occluded": false, "track_id": 0, "keyframe": false}}, {"id": 292, "image_id": 91, "category_id": 7, "segmentation": [], "area": 565.5654000000006, "bbox": [621.33, 84.86, 13.11, 43.14], "iscrowd": 0, "attributes": {"occluded": false, "track_id": 1, "keyframe": false}}, {"id": 293, "image_id": 91, "category_id": 7, "segmentation": [], "area": 90.36500000000018, "bbox": [489.75, 80.0, 5.3, 17.05], "iscrowd": 0, "attributes": {"occluded": false, "track_id": 2, "keyframe": false}}, {"id": 294, "image_id": 91, "category_id": 7, "segmentation": [], "area": 79.74479999999961, "bbox": [495.06, 78.9, 4.46, 17.88], "iscrowd": 0, "attributes": {"occluded": false, "track_id": 3, "keyframe": true}}, {"id": 295, "image_id": 91, "category_id": 7, "segmentation": [], "area": 195.23909999999893, "bbox": [682.44, 82.39, 7.17, 27.23], "iscrowd": 0, "attributes": {"occluded": false, "track_id": 4, "keyframe": true}}, {"id": 296, "image_id": 91, "category_id": 7, "segmentation": [], "area": 116.54659999999923, "bbox": [701.69, 84.32, 4.66, 25.01], "iscrowd": 0, "attributes": {"occluded": false, "track_id": 5, "keyframe": true}}, {"id": 297, "image_id": 91, "category_id": 7, "segmentation": [], "area": 174.09599999999878, "bbox": [689.0, 86.89, 8.06, 21.6], "iscrowd": 0, "attributes": {"occluded": false, "track_id": 6, "keyframe": true}}, {"id": 298, "image_id": 92, "category_id": 7, "segmentation": [], "area": 154.2113000000003, "bbox": [982.04, 68.87, 6.61, 23.33], "iscrowd": 0, "attributes": {"occluded": false, "track_id": 0, "keyframe": false}}, {"id": 299, "image_id": 92, "category_id": 7, "segmentation": [], "area": 553.0820000000009, "bbox": [631.87, 85.78, 13.1, 42.22], "iscrowd": 0, "attributes": {"occluded": false, "track_id": 1, "keyframe": false}}, {"id": 300, "image_id": 92, "category_id": 7, "segmentation": [], "area": 94.19960000000033, "bbox": [491.28, 80.02, 5.42, 17.38], "iscrowd": 0, "attributes": {"occluded": false, "track_id": 2, "keyframe": false}}, {"id": 301, "image_id": 92, "category_id": 7, "segmentation": [], "area": 81.66259999999964, "bbox": [496.86, 78.83, 4.46, 18.31], "iscrowd": 0, "attributes": {"occluded": false, "track_id": 3, "keyframe": false}}, {"id": 302, "image_id": 92, "category_id": 7, "segmentation": [], "area": 173.47200000000177, "bbox": [687.64, 80.9, 5.56, 31.2], "iscrowd": 0, "attributes": {"occluded": false, "track_id": 4, "keyframe": true}}, {"id": 303, "image_id": 92, "category_id": 7, "segmentation": [], "area": 116.79670000000185, "bbox": [708.15, 84.96, 4.67, 25.01], "iscrowd": 0, "attributes": {"occluded": false, "track_id": 5, "keyframe": false}}, {"id": 304, "image_id": 92, "category_id": 7, "segmentation": [], "area": 174.09600000000123, "bbox": [694.31, 86.89, 8.06, 21.6], "iscrowd": 0, "attributes": {"occluded": false, "track_id": 6, "keyframe": false}}, {"id": 305, "image_id": 93, "category_id": 7, "segmentation": [], "area": 143.3474000000007, "bbox": [985.39, 68.79, 6.34, 22.61], "iscrowd": 0, "attributes": {"occluded": false, "track_id": 0, "keyframe": false}}, {"id": 306, "image_id": 93, "category_id": 7, "segmentation": [], "area": 541.0300000000009, "bbox": [642.4, 86.7, 13.1, 41.3], "iscrowd": 0, "attributes": {"occluded": false, "track_id": 1, "keyframe": true}}, {"id": 307, "image_id": 93, "category_id": 7, "segmentation": [], "area": 98.11340000000033, "bbox": [492.81, 80.04, 5.54, 17.71], "iscrowd": 0, "attributes": {"occluded": false, "track_id": 2, "keyframe": false}}, {"id": 308, "image_id": 93, "category_id": 7, "segmentation": [], "area": 83.81250000000051, "bbox": [498.65, 78.75, 4.47, 18.75], "iscrowd": 0, "attributes": {"occluded": false, "track_id": 3, "keyframe": true}}, {"id": 309, "image_id": 93, "category_id": 7, "segmentation": [], "area": 226.19999999999993, "bbox": [693.02, 81.26, 7.25, 31.2], "iscrowd": 0, "attributes": {"occluded": false, "track_id": 4, "keyframe": false}}, {"id": 310, "image_id": 93, "category_id": 7, "segmentation": [], "area": 116.54659999999916, "bbox": [714.62, 85.59, 4.66, 25.01], "iscrowd": 0, "attributes": {"occluded": false, "track_id": 5, "keyframe": true}}, {"id": 311, "image_id": 93, "category_id": 7, "segmentation": [], "area": 174.09599999999878, "bbox": [699.62, 86.89, 8.06, 21.6], "iscrowd": 0, "attributes": {"occluded": false, "track_id": 6, "keyframe": true}}, {"id": 312, "image_id": 94, "category_id": 7, "segmentation": [], "area": 133.03040000000087, "bbox": [988.74, 68.72, 6.08, 21.88], "iscrowd": 0, "attributes": {"occluded": false, "track_id": 0, "keyframe": false}}, {"id": 313, "image_id": 94, "category_id": 7, "segmentation": [], "area": 511.5549999999964, "bbox": [657.7, 88.95, 13.1, 39.05], "iscrowd": 0, "attributes": {"occluded": false, "track_id": 1, "keyframe": false}}, {"id": 314, "image_id": 94, "category_id": 7, "segmentation": [], "area": 102.1064000000004, "bbox": [494.34, 80.06, 5.66, 18.04], "iscrowd": 0, "attributes": {"occluded": false, "track_id": 2, "keyframe": false}}, {"id": 315, "image_id": 94, "category_id": 7, "segmentation": [], "area": 83.81250000000051, "bbox": [500.02, 78.97, 4.47, 18.75], "iscrowd": 0, "attributes": {"occluded": false, "track_id": 3, "keyframe": false}}, {"id": 316, "image_id": 94, "category_id": 7, "segmentation": [], "area": 279.55200000000104, "bbox": [698.39, 81.62, 8.96, 31.2], "iscrowd": 0, "attributes": {"occluded": false, "track_id": 4, "keyframe": true}}, {"id": 317, "image_id": 94, "category_id": 7, "segmentation": [], "area": 116.54659999999923, "bbox": [721.4, 85.8, 4.66, 25.01], "iscrowd": 0, "attributes": {"occluded": false, "track_id": 5, "keyframe": true}}, {"id": 318, "image_id": 94, "category_id": 7, "segmentation": [], "area": 179.19299999999902, "bbox": [706.44, 87.19, 8.05, 22.26], "iscrowd": 0, "attributes": {"occluded": false, "track_id": 6, "keyframe": false}}, {"id": 319, "image_id": 95, "category_id": 7, "segmentation": [], "area": 122.8814999999988, "bbox": [992.09, 68.65, 5.81, 21.15], "iscrowd": 0, "attributes": {"occluded": false, "track_id": 0, "keyframe": true}}, {"id": 320, "image_id": 95, "category_id": 7, "segmentation": [], "area": 482.0800000000008, "bbox": [673.0, 91.2, 13.1, 36.8], "iscrowd": 0, "attributes": {"occluded": false, "track_id": 1, "keyframe": true}}, {"id": 321, "image_id": 95, "category_id": 7, "segmentation": [], "area": 106.17859999999952, "bbox": [495.87, 80.08, 5.78, 18.37], "iscrowd": 0, "attributes": {"occluded": false, "track_id": 2, "keyframe": false}}, {"id": 322, "image_id": 95, "category_id": 7, "segmentation": [], "area": 83.58040000000072, "bbox": [501.39, 79.19, 4.46, 18.74], "iscrowd": 0, "attributes": {"occluded": false, "track_id": 3, "keyframe": true}}, {"id": 323, "image_id": 95, "category_id": 7, "segmentation": [], "area": 224.95200000000105, "bbox": [707.3, 81.62, 7.21, 31.2], "iscrowd": 0, "attributes": {"occluded": false, "track_id": 4, "keyframe": true}}, {"id": 324, "image_id": 95, "category_id": 7, "segmentation": [], "area": 116.54660000000207, "bbox": [728.29, 85.17, 4.66, 25.01], "iscrowd": 0, "attributes": {"occluded": false, "track_id": 5, "keyframe": false}}, {"id": 325, "image_id": 95, "category_id": 7, "segmentation": [], "area": 184.19639999999924, "bbox": [713.25, 87.49, 8.04, 22.91], "iscrowd": 0, "attributes": {"occluded": false, "track_id": 6, "keyframe": false}}, {"id": 326, "image_id": 96, "category_id": 7, "segmentation": [], "area": 114.51419999999993, "bbox": [994.85, 69.0, 5.63, 20.34], "iscrowd": 0, "attributes": {"occluded": false, "track_id": 0, "keyframe": false}}, {"id": 327, "image_id": 96, "category_id": 7, "segmentation": [], "area": 509.88959999999844, "bbox": [689.88, 91.37, 13.92, 36.63], "iscrowd": 0, "attributes": {"occluded": false, "track_id": 1, "keyframe": false}}, {"id": 328, "image_id": 96, "category_id": 7, "segmentation": [], "area": 110.33000000000065, "bbox": [497.4, 80.1, 5.9, 18.7], "iscrowd": 0, "attributes": {"occluded": false, "track_id": 2, "keyframe": true}}, {"id": 329, "image_id": 96, "category_id": 7, "segmentation": [], "area": 83.62499999999962, "bbox": [503.05, 79.47, 4.46, 18.75], "iscrowd": 0, "attributes": {"occluded": false, "track_id": 3, "keyframe": false}}, {"id": 330, "image_id": 96, "category_id": 7, "segmentation": [], "area": 252.01520000000127, "bbox": [712.88, 82.88, 8.08, 31.19], "iscrowd": 0, "attributes": {"occluded": false, "track_id": 4, "keyframe": false}}, {"id": 331, "image_id": 96, "category_id": 7, "segmentation": [], "area": 116.54660000000207, "bbox": [735.18, 84.53, 4.66, 25.01], "iscrowd": 0, "attributes": {"occluded": false, "track_id": 5, "keyframe": true}}, {"id": 332, "image_id": 96, "category_id": 7, "segmentation": [], "area": 189.18680000000194, "bbox": [720.06, 87.79, 8.03, 23.56], "iscrowd": 0, "attributes": {"occluded": false, "track_id": 6, "keyframe": false}}, {"id": 333, "image_id": 97, "category_id": 7, "segmentation": [], "area": 106.43849999999867, "bbox": [997.61, 69.35, 5.45, 19.53], "iscrowd": 0, "attributes": {"occluded": false, "track_id": 0, "keyframe": false}}, {"id": 334, "image_id": 97, "category_id": 7, "segmentation": [], "area": 537.6375, "bbox": [706.75, 91.55, 14.75, 36.45], "iscrowd": 0, "attributes": {"occluded": false, "track_id": 1, "keyframe": false}}, {"id": 335, "image_id": 97, "category_id": 7, "segmentation": [], "area": 110.33000000000057, "bbox": [498.9, 80.15, 5.9, 18.7], "iscrowd": 0, "attributes": {"occluded": false, "track_id": 2, "keyframe": false}}, {"id": 336, "image_id": 97, "category_id": 7, "segmentation": [], "area": 83.81250000000051, "bbox": [504.7, 79.76, 4.47, 18.75], "iscrowd": 0, "attributes": {"occluded": false, "track_id": 3, "keyframe": true}}, {"id": 337, "image_id": 97, "category_id": 7, "segmentation": [], "area": 279.15049999999786, "bbox": [718.46, 84.13, 8.95, 31.19], "iscrowd": 0, "attributes": {"occluded": false, "track_id": 4, "keyframe": true}}, {"id": 338, "image_id": 97, "category_id": 7, "segmentation": [], "area": 130.3020999999981, "bbox": [741.96, 84.53, 5.21, 25.01], "iscrowd": 0, "attributes": {"occluded": false, "track_id": 5, "keyframe": false}}, {"id": 339, "image_id": 97, "category_id": 7, "segmentation": [], "area": 194.08399999999958, "bbox": [726.88, 88.1, 8.02, 24.2], "iscrowd": 0, "attributes": {"occluded": false, "track_id": 6, "keyframe": false}}, {"id": 340, "image_id": 98, "category_id": 7, "segmentation": [], "area": 98.6016999999997, "bbox": [1000.37, 69.71, 5.27, 18.71], "iscrowd": 0, "attributes": {"occluded": false, "track_id": 0, "keyframe": false}}, {"id": 341, "image_id": 98, "category_id": 7, "segmentation": [], "area": 564.8796000000018, "bbox": [723.63, 91.72, 15.57, 36.28], "iscrowd": 0, "attributes": {"occluded": false, "track_id": 1, "keyframe": true}}, {"id": 342, "image_id": 98, "category_id": 7, "segmentation": [], "area": 110.33000000000065, "bbox": [500.4, 80.2, 5.9, 18.7], "iscrowd": 0, "attributes": {"occluded": false, "track_id": 2, "keyframe": true}}, {"id": 343, "image_id": 98, "category_id": 7, "segmentation": [], "area": 83.58039999999966, "bbox": [506.29, 80.05, 4.46, 18.74], "iscrowd": 0, "attributes": {"occluded": false, "track_id": 3, "keyframe": true}}, {"id": 344, "image_id": 98, "category_id": 7, "segmentation": [], "area": 279.15049999999786, "bbox": [725.58, 80.77, 8.95, 31.19], "iscrowd": 0, "attributes": {"occluded": false, "track_id": 4, "keyframe": true}}, {"id": 345, "image_id": 98, "category_id": 7, "segmentation": [], "area": 144.0575999999998, "bbox": [748.74, 84.53, 5.76, 25.01], "iscrowd": 0, "attributes": {"occluded": false, "track_id": 5, "keyframe": true}}, {"id": 346, "image_id": 98, "category_id": 7, "segmentation": [], "area": 199.12859999999978, "bbox": [733.69, 88.4, 8.01, 24.86], "iscrowd": 0, "attributes": {"occluded": false, "track_id": 6, "keyframe": true}}, {"id": 347, "image_id": 99, "category_id": 7, "segmentation": [], "area": 91.29000000000036, "bbox": [1003.12, 70.06, 5.1, 17.9], "iscrowd": 0, "attributes": {"occluded": false, "track_id": 0, "keyframe": false}}, {"id": 348, "image_id": 99, "category_id": 7, "segmentation": [], "area": 575.6228999999977, "bbox": [746.61, 91.03, 15.57, 36.97], "iscrowd": 0, "attributes": {"occluded": false, "track_id": 1, "keyframe": true}}, {"id": 349, "image_id": 99, "category_id": 7, "segmentation": [], "area": 118.74499999999938, "bbox": [501.55, 80.25, 6.35, 18.7], "iscrowd": 0, "attributes": {"occluded": false, "track_id": 2, "keyframe": false}}, {"id": 350, "image_id": 99, "category_id": 7, "segmentation": [], "area": 83.81249999999945, "bbox": [507.58, 79.76, 4.47, 18.75], "iscrowd": 0, "attributes": {"occluded": false, "track_id": 3, "keyframe": true}}, {"id": 351, "image_id": 99, "category_id": 7, "segmentation": [], "area": 279.2399999999979, "bbox": [732.23, 81.91, 8.95, 31.2], "iscrowd": 0, "attributes": {"occluded": false, "track_id": 4, "keyframe": false}}, {"id": 352, "image_id": 99, "category_id": 7, "segmentation": [], "area": 144.0575999999998, "bbox": [754.67, 84.96, 5.76, 25.01], "iscrowd": 0, "attributes": {"occluded": false, "track_id": 5, "keyframe": true}}, {"id": 353, "image_id": 100, "category_id": 7, "segmentation": [], "area": 84.08279999999932, "bbox": [1005.88, 70.41, 4.92, 17.09], "iscrowd": 0, "attributes": {"occluded": false, "track_id": 0, "keyframe": true}}, {"id": 354, "image_id": 100, "category_id": 7, "segmentation": [], "area": 127.16000000000024, "bbox": [502.7, 80.3, 6.8, 18.7], "iscrowd": 0, "attributes": {"occluded": false, "track_id": 2, "keyframe": true}}, {"id": 355, "image_id": 100, "category_id": 7, "segmentation": [], "area": 86.85209999999945, "bbox": [509.45, 79.47, 4.47, 19.43], "iscrowd": 0, "attributes": {"occluded": false, "track_id": 3, "keyframe": true}}, {"id": 356, "image_id": 100, "category_id": 7, "segmentation": [], "area": 279.55200000000116, "bbox": [738.88, 83.05, 8.96, 31.2], "iscrowd": 0, "attributes": {"occluded": false, "track_id": 4, "keyframe": true}}, {"id": 357, "image_id": 100, "category_id": 7, "segmentation": [], "area": 144.0575999999998, "bbox": [760.4, 85.38, 5.76, 25.01], "iscrowd": 0, "attributes": {"occluded": false, "track_id": 5, "keyframe": true}}]}