<annotation>
  <folder>frame</folder>
  <filename>frame_000020.PNG</filename>
  <source>
    <database>Unknown</database>
    <annotation>Unknown</annotation>
    <image>Unknown</image>
  </source>
  <size>
    <width>1024</width>
    <height>128</height>
    <depth></depth>
  </size>
  <segmented>0</segmented>
  <object>
    <name>car</name>
    <truncated>0</truncated>
    <occluded>0</occluded>
    <difficult>0</difficult>
    <bndbox>
      <xmin>76.55</xmin>
      <ymin>59.9</ymin>
      <xmax>94.92</xmax>
      <ymax>74.11</ymax>
    </bndbox>
    <attributes>
      <attribute>
        <name>track_id</name>
        <value>1</value>
      </attribute>
      <attribute>
        <name>keyframe</name>
        <value>True</value>
      </attribute>
    </attributes>
  </object>
  <object>
    <name>car</name>
    <truncated>0</truncated>
    <occluded>0</occluded>
    <difficult>0</difficult>
    <bndbox>
      <xmin>84.97</xmin>
      <ymin>58.38</ymin>
      <xmax>105.7</xmax>
      <ymax>72.21</ymax>
    </bndbox>
    <attributes>
      <attribute>
        <name>track_id</name>
        <value>2</value>
      </attribute>
      <attribute>
        <name>keyframe</name>
        <value>True</value>
      </attribute>
    </attributes>
  </object>
  <object>
    <name>person</name>
    <truncated>0</truncated>
    <occluded>0</occluded>
    <difficult>0</difficult>
    <bndbox>
      <xmin>233.12</xmin>
      <ymin>69.52</ymin>
      <xmax>238.86</xmax>
      <ymax>91.68</ymax>
    </bndbox>
    <attributes>
      <attribute>
        <name>track_id</name>
        <value>8</value>
      </attribute>
      <attribute>
        <name>keyframe</name>
        <value>True</value>
      </attribute>
    </attributes>
  </object>
  <object>
    <name>person</name>
    <truncated>0</truncated>
    <occluded>0</occluded>
    <difficult>0</difficult>
    <bndbox>
      <xmin>271.52</xmin>
      <ymin>65.34</ymin>
      <xmax>277.98</xmax>
      <ymax>85.81</ymax>
    </bndbox>
    <attributes>
      <attribute>
        <name>track_id</name>
        <value>9</value>
      </attribute>
      <attribute>
        <name>keyframe</name>
        <value>True</value>
      </attribute>
    </attributes>
  </object>
  <object>
    <name>person</name>
    <truncated>0</truncated>
    <occluded>0</occluded>
    <difficult>0</difficult>
    <bndbox>
      <xmin>277.77</xmin>
      <ymin>66.31</ymin>
      <xmax>284.1</xmax>
      <ymax>84.5</ymax>
    </bndbox>
    <attributes>
      <attribute>
        <name>track_id</name>
        <value>10</value>
      </attribute>
      <attribute>
        <name>keyframe</name>
        <value>True</value>
      </attribute>
    </attributes>
  </object>
  <object>
    <name>person</name>
    <truncated>0</truncated>
    <occluded>0</occluded>
    <difficult>0</difficult>
    <bndbox>
      <xmin>347.63</xmin>
      <ymin>84.67</ymin>
      <xmax>352.53</xmax>
      <ymax>95.81</ymax>
    </bndbox>
    <attributes>
      <attribute>
        <name>track_id</name>
        <value>11</value>
      </attribute>
      <attribute>
        <name>keyframe</name>
        <value>False</value>
      </attribute>
    </attributes>
  </object>
  <object>
    <name>person</name>
    <truncated>0</truncated>
    <occluded>1</occluded>
    <difficult>0</difficult>
    <bndbox>
      <xmin>357.22</xmin>
      <ymin>84.6</ymin>
      <xmax>361.67</xmax>
      <ymax>96.16</ymax>
    </bndbox>
    <attributes>
      <attribute>
        <name>track_id</name>
        <value>12</value>
      </attribute>
      <attribute>
        <name>keyframe</name>
        <value>True</value>
      </attribute>
    </attributes>
  </object>
  <object>
    <name>person</name>
    <truncated>0</truncated>
    <occluded>0</occluded>
    <difficult>0</difficult>
    <bndbox>
      <xmin>939.1</xmin>
      <ymin>57.04</ymin>
      <xmax>948.3</xmax>
      <ymax>88.2</ymax>
    </bndbox>
    <attributes>
      <attribute>
        <name>track_id</name>
        <value>13</value>
      </attribute>
      <attribute>
        <name>keyframe</name>
        <value>True</value>
      </attribute>
    </attributes>
  </object>
  <object>
    <name>person</name>
    <truncated>0</truncated>
    <occluded>0</occluded>
    <difficult>0</difficult>
    <bndbox>
      <xmin>933.29</xmin>
      <ymin>54.33</ymin>
      <xmax>940.99</xmax>
      <ymax>88.0</ymax>
    </bndbox>
    <attributes>
      <attribute>
        <name>track_id</name>
        <value>14</value>
      </attribute>
      <attribute>
        <name>keyframe</name>
        <value>True</value>
      </attribute>
    </attributes>
  </object>
  <object>
    <name>person</name>
    <truncated>0</truncated>
    <occluded>0</occluded>
    <difficult>0</difficult>
    <bndbox>
      <xmin>925.84</xmin>
      <ymin>57.32</ymin>
      <xmax>932.94</xmax>
      <ymax>83.7</ymax>
    </bndbox>
    <attributes>
      <attribute>
        <name>track_id</name>
        <value>15</value>
      </attribute>
      <attribute>
        <name>keyframe</name>
        <value>False</value>
      </attribute>
    </attributes>
  </object>
  <object>
    <name>person</name>
    <truncated>0</truncated>
    <occluded>0</occluded>
    <difficult>0</difficult>
    <bndbox>
      <xmin>1017.2</xmin>
      <ymin>50.07</ymin>
      <xmax>1024.0</xmax>
      <ymax>105.67</ymax>
    </bndbox>
    <attributes>
      <attribute>
        <name>track_id</name>
        <value>16</value>
      </attribute>
      <attribute>
        <name>keyframe</name>
        <value>True</value>
      </attribute>
    </attributes>
  </object>
</annotation>
