<annotation>
  <folder>frame</folder>
  <filename>frame_000041.PNG</filename>
  <source>
    <database>Unknown</database>
    <annotation>Unknown</annotation>
    <image>Unknown</image>
  </source>
  <size>
    <width>1024</width>
    <height>128</height>
    <depth></depth>
  </size>
  <segmented>0</segmented>
  <object>
    <name>car</name>
    <truncated>0</truncated>
    <occluded>0</occluded>
    <difficult>0</difficult>
    <bndbox>
      <xmin>165.37</xmin>
      <ymin>76.57</ymin>
      <xmax>183.72</xmax>
      <ymax>88.08</ymax>
    </bndbox>
    <attributes>
      <attribute>
        <name>track_id</name>
        <value>1</value>
      </attribute>
      <attribute>
        <name>keyframe</name>
        <value>False</value>
      </attribute>
    </attributes>
  </object>
  <object>
    <name>car</name>
    <truncated>0</truncated>
    <occluded>0</occluded>
    <difficult>0</difficult>
    <bndbox>
      <xmin>179.95</xmin>
      <ymin>74.95</ymin>
      <xmax>199.45</xmax>
      <ymax>87.03</ymax>
    </bndbox>
    <attributes>
      <attribute>
        <name>track_id</name>
        <value>2</value>
      </attribute>
      <attribute>
        <name>keyframe</name>
        <value>False</value>
      </attribute>
    </attributes>
  </object>
  <object>
    <name>person</name>
    <truncated>0</truncated>
    <occluded>0</occluded>
    <difficult>0</difficult>
    <bndbox>
      <xmin>286.55</xmin>
      <ymin>75.42</ymin>
      <xmax>292.48</xmax>
      <ymax>95.02</ymax>
    </bndbox>
    <attributes>
      <attribute>
        <name>track_id</name>
        <value>8</value>
      </attribute>
      <attribute>
        <name>keyframe</name>
        <value>False</value>
      </attribute>
    </attributes>
  </object>
  <object>
    <name>person</name>
    <truncated>0</truncated>
    <occluded>0</occluded>
    <difficult>0</difficult>
    <bndbox>
      <xmin>350.97</xmin>
      <ymin>67.74</ymin>
      <xmax>358.36</xmax>
      <ymax>87.97</ymax>
    </bndbox>
    <attributes>
      <attribute>
        <name>track_id</name>
        <value>9</value>
      </attribute>
      <attribute>
        <name>keyframe</name>
        <value>False</value>
      </attribute>
    </attributes>
  </object>
  <object>
    <name>person</name>
    <truncated>0</truncated>
    <occluded>0</occluded>
    <difficult>0</difficult>
    <bndbox>
      <xmin>358.22</xmin>
      <ymin>66.73</ymin>
      <xmax>364.55</xmax>
      <ymax>86.28</ymax>
    </bndbox>
    <attributes>
      <attribute>
        <name>track_id</name>
        <value>10</value>
      </attribute>
      <attribute>
        <name>keyframe</name>
        <value>False</value>
      </attribute>
    </attributes>
  </object>
  <object>
    <name>person</name>
    <truncated>0</truncated>
    <occluded>0</occluded>
    <difficult>0</difficult>
    <bndbox>
      <xmin>451.99</xmin>
      <ymin>81.43</ymin>
      <xmax>456.17</xmax>
      <ymax>94.18</ymax>
    </bndbox>
    <attributes>
      <attribute>
        <name>track_id</name>
        <value>11</value>
      </attribute>
      <attribute>
        <name>keyframe</name>
        <value>True</value>
      </attribute>
    </attributes>
  </object>
  <object>
    <name>person</name>
    <truncated>0</truncated>
    <occluded>0</occluded>
    <difficult>0</difficult>
    <bndbox>
      <xmin>463.76</xmin>
      <ymin>79.36</ymin>
      <xmax>468.17</xmax>
      <ymax>93.0</ymax>
    </bndbox>
    <attributes>
      <attribute>
        <name>track_id</name>
        <value>12</value>
      </attribute>
      <attribute>
        <name>keyframe</name>
        <value>True</value>
      </attribute>
    </attributes>
  </object>
  <object>
    <name>person</name>
    <truncated>0</truncated>
    <occluded>0</occluded>
    <difficult>0</difficult>
    <bndbox>
      <xmin>39.4</xmin>
      <ymin>69.57</ymin>
      <xmax>45.3</xmax>
      <ymax>93.0</ymax>
    </bndbox>
    <attributes>
      <attribute>
        <name>track_id</name>
        <value>13</value>
      </attribute>
      <attribute>
        <name>keyframe</name>
        <value>True</value>
      </attribute>
    </attributes>
  </object>
  <object>
    <name>person</name>
    <truncated>0</truncated>
    <occluded>0</occluded>
    <difficult>0</difficult>
    <bndbox>
      <xmin>33.68</xmin>
      <ymin>67.26</ymin>
      <xmax>39.38</xmax>
      <ymax>93.2</ymax>
    </bndbox>
    <attributes>
      <attribute>
        <name>track_id</name>
        <value>14</value>
      </attribute>
      <attribute>
        <name>keyframe</name>
        <value>False</value>
      </attribute>
    </attributes>
  </object>
  <object>
    <name>person</name>
    <truncated>0</truncated>
    <occluded>0</occluded>
    <difficult>0</difficult>
    <bndbox>
      <xmin>27.41</xmin>
      <ymin>71.31</ymin>
      <xmax>34.12</xmax>
      <ymax>91.31</ymax>
    </bndbox>
    <attributes>
      <attribute>
        <name>track_id</name>
        <value>15</value>
      </attribute>
      <attribute>
        <name>keyframe</name>
        <value>False</value>
      </attribute>
    </attributes>
  </object>
  <object>
    <name>person</name>
    <truncated>0</truncated>
    <occluded>0</occluded>
    <difficult>0</difficult>
    <bndbox>
      <xmin>75.62</xmin>
      <ymin>68.48</ymin>
      <xmax>82.84</xmax>
      <ymax>97.23</ymax>
    </bndbox>
    <attributes>
      <attribute>
        <name>track_id</name>
        <value>16</value>
      </attribute>
      <attribute>
        <name>keyframe</name>
        <value>False</value>
      </attribute>
    </attributes>
  </object>
</annotation>
