<annotation>
  <folder>frame</folder>
  <filename>frame_000054.PNG</filename>
  <source>
    <database>Unknown</database>
    <annotation>Unknown</annotation>
    <image>Unknown</image>
  </source>
  <size>
    <width>1024</width>
    <height>128</height>
    <depth></depth>
  </size>
  <segmented>0</segmented>
  <object>
    <name>car</name>
    <truncated>0</truncated>
    <occluded>0</occluded>
    <difficult>0</difficult>
    <bndbox>
      <xmin>451.04</xmin>
      <ymin>88.8</ymin>
      <xmax>485.5</xmax>
      <ymax>127.88</ymax>
    </bndbox>
    <attributes>
      <attribute>
        <name>track_id</name>
        <value>0</value>
      </attribute>
      <attribute>
        <name>keyframe</name>
        <value>True</value>
      </attribute>
    </attributes>
  </object>
  <object>
    <name>person</name>
    <truncated>0</truncated>
    <occluded>0</occluded>
    <difficult>0</difficult>
    <bndbox>
      <xmin>235.27</xmin>
      <ymin>74.31</ymin>
      <xmax>241.57</xmax>
      <ymax>94.04</ymax>
    </bndbox>
    <attributes>
      <attribute>
        <name>track_id</name>
        <value>8</value>
      </attribute>
      <attribute>
        <name>keyframe</name>
        <value>False</value>
      </attribute>
    </attributes>
  </object>
  <object>
    <name>person</name>
    <truncated>0</truncated>
    <occluded>0</occluded>
    <difficult>0</difficult>
    <bndbox>
      <xmin>325.46</xmin>
      <ymin>65.48</ymin>
      <xmax>332.86</xmax>
      <ymax>87.22</ymax>
    </bndbox>
    <attributes>
      <attribute>
        <name>track_id</name>
        <value>9</value>
      </attribute>
      <attribute>
        <name>keyframe</name>
        <value>False</value>
      </attribute>
    </attributes>
  </object>
  <object>
    <name>person</name>
    <truncated>0</truncated>
    <occluded>0</occluded>
    <difficult>0</difficult>
    <bndbox>
      <xmin>334.1</xmin>
      <ymin>63.57</ymin>
      <xmax>340.85</xmax>
      <ymax>85.75</ymax>
    </bndbox>
    <attributes>
      <attribute>
        <name>track_id</name>
        <value>10</value>
      </attribute>
      <attribute>
        <name>keyframe</name>
        <value>False</value>
      </attribute>
    </attributes>
  </object>
  <object>
    <name>person</name>
    <truncated>0</truncated>
    <occluded>0</occluded>
    <difficult>0</difficult>
    <bndbox>
      <xmin>455.13</xmin>
      <ymin>81.18</ymin>
      <xmax>459.31</xmax>
      <ymax>98.18</ymax>
    </bndbox>
    <attributes>
      <attribute>
        <name>track_id</name>
        <value>11</value>
      </attribute>
      <attribute>
        <name>keyframe</name>
        <value>False</value>
      </attribute>
    </attributes>
  </object>
  <object>
    <name>person</name>
    <truncated>0</truncated>
    <occluded>0</occluded>
    <difficult>0</difficult>
    <bndbox>
      <xmin>470.86</xmin>
      <ymin>76.59</ymin>
      <xmax>476.0</xmax>
      <ymax>91.56</ymax>
    </bndbox>
    <attributes>
      <attribute>
        <name>track_id</name>
        <value>12</value>
      </attribute>
      <attribute>
        <name>keyframe</name>
        <value>False</value>
      </attribute>
    </attributes>
  </object>
  <object>
    <name>person</name>
    <truncated>0</truncated>
    <occluded>0</occluded>
    <difficult>0</difficult>
    <bndbox>
      <xmin>45.09</xmin>
      <ymin>71.25</ymin>
      <xmax>50.43</xmax>
      <ymax>89.3</ymax>
    </bndbox>
    <attributes>
      <attribute>
        <name>track_id</name>
        <value>13</value>
      </attribute>
      <attribute>
        <name>keyframe</name>
        <value>False</value>
      </attribute>
    </attributes>
  </object>
  <object>
    <name>person</name>
    <truncated>0</truncated>
    <occluded>0</occluded>
    <difficult>0</difficult>
    <bndbox>
      <xmin>41.88</xmin>
      <ymin>68.6</ymin>
      <xmax>45.63</xmax>
      <ymax>88.48</ymax>
    </bndbox>
    <attributes>
      <attribute>
        <name>track_id</name>
        <value>14</value>
      </attribute>
      <attribute>
        <name>keyframe</name>
        <value>False</value>
      </attribute>
    </attributes>
  </object>
  <object>
    <name>person</name>
    <truncated>0</truncated>
    <occluded>0</occluded>
    <difficult>0</difficult>
    <bndbox>
      <xmin>37.13</xmin>
      <ymin>69.64</ymin>
      <xmax>42.23</xmax>
      <ymax>88.1</ymax>
    </bndbox>
    <attributes>
      <attribute>
        <name>track_id</name>
        <value>15</value>
      </attribute>
      <attribute>
        <name>keyframe</name>
        <value>False</value>
      </attribute>
    </attributes>
  </object>
  <object>
    <name>person</name>
    <truncated>0</truncated>
    <occluded>0</occluded>
    <difficult>0</difficult>
    <bndbox>
      <xmin>66.55</xmin>
      <ymin>68.15</ymin>
      <xmax>71.51</xmax>
      <ymax>89.6</ymax>
    </bndbox>
    <attributes>
      <attribute>
        <name>track_id</name>
        <value>16</value>
      </attribute>
      <attribute>
        <name>keyframe</name>
        <value>False</value>
      </attribute>
    </attributes>
  </object>
</annotation>
