<?xml version="1.0" encoding="utf-8"?>
<annotations>
  <version>1.1</version>
  <meta>
    <task>
      <id>9</id>
      <name>TDT17_trip007-glos_short-videos_intensity_00</name>
      <size>100</size>
      <mode>interpolation</mode>
      <overlap>5</overlap>
      <bugtracker></bugtracker>
      <created>2021-10-26 17:15:13.450938+00:00</created>
      <updated>2021-10-27 19:36:23.023186+00:00</updated>
      <subset>default</subset>
      <start_frame>0</start_frame>
      <stop_frame>99</stop_frame>
      <frame_filter></frame_filter>
      <segments>
        <segment>
          <id>6</id>
          <start>0</start>
          <stop>99</stop>
          <url>http://cvat.idi.ntnu.no/?id=6</url>
        </segment>
      </segments>
      <owner>
        <username>frankl</username>
        <email>frankl@ntnu.no</email>
      </owner>
      <assignee></assignee>
      <labels>
        <label>
          <name>car</name>
          <color>#2080c0</color>
          <attributes>
          </attributes>
        </label>
        <label>
          <name>truck</name>
          <color>#906080</color>
          <attributes>
          </attributes>
        </label>
        <label>
          <name>bus</name>
          <color>#204080</color>
          <attributes>
          </attributes>
        </label>
        <label>
          <name>motorcycle</name>
          <color>#80a0a0</color>
          <attributes>
          </attributes>
        </label>
        <label>
          <name>bicycle</name>
          <color>#004040</color>
          <attributes>
          </attributes>
        </label>
        <label>
          <name>scooter</name>
          <color>#4c21f5</color>
          <attributes>
          </attributes>
        </label>
        <label>
          <name>person</name>
          <color>#c06060</color>
          <attributes>
          </attributes>
        </label>
        <label>
          <name>rider</name>
          <color>#20e060</color>
          <attributes>
          </attributes>
        </label>
      </labels>
      <original_size>
        <width>1024</width>
        <height>128</height>
      </original_size>
    </task>
    <dumped>2021-10-28 08:11:17.549235+00:00</dumped>
    <source>Video00000_intensity.avi</source>
  </meta>
  <track id="0" label="car" source="manual">
    <box frame="85" outside="1" occluded="0" keyframe="1" xtl="725.93" ytl="63.64" xbr="746.33" ybr="77.38" z_order="0">
    </box>
    <box frame="86" outside="0" occluded="0" keyframe="1" xtl="730.60" ytl="64.18" xbr="751.14" ybr="78.90" z_order="0">
    </box>
    <box frame="87" outside="0" occluded="0" keyframe="0" xtl="735.68" ytl="64.72" xbr="755.95" ybr="79.50" z_order="0">
    </box>
    <box frame="88" outside="0" occluded="0" keyframe="1" xtl="740.76" ytl="65.25" xbr="760.75" ybr="80.10" z_order="0">
    </box>
    <box frame="89" outside="0" occluded="0" keyframe="0" xtl="746.23" ytl="64.73" xbr="766.09" ybr="79.94" z_order="0">
    </box>
    <box frame="90" outside="0" occluded="0" keyframe="1" xtl="751.70" ytl="64.20" xbr="771.43" ybr="79.79" z_order="0">
    </box>
    <box frame="91" outside="0" occluded="0" keyframe="0" xtl="756.19" ytl="64.76" xbr="775.77" ybr="80.04" z_order="0">
    </box>
    <box frame="92" outside="0" occluded="0" keyframe="1" xtl="760.67" ytl="65.33" xbr="780.12" ybr="80.30" z_order="0">
    </box>
    <box frame="93" outside="0" occluded="0" keyframe="0" xtl="765.63" ytl="65.57" xbr="784.95" ybr="80.12" z_order="0">
    </box>
    <box frame="94" outside="0" occluded="0" keyframe="1" xtl="770.60" ytl="65.81" xbr="789.78" ybr="79.95" z_order="0">
    </box>
    <box frame="95" outside="0" occluded="0" keyframe="1" xtl="774.14" ytl="63.92" xbr="793.18" ybr="78.11" z_order="0">
    </box>
    <box frame="96" outside="0" occluded="0" keyframe="0" xtl="778.18" ytl="63.62" xbr="797.09" ybr="77.85" z_order="0">
    </box>
    <box frame="97" outside="0" occluded="0" keyframe="0" xtl="782.22" ytl="63.31" xbr="800.99" ybr="77.58" z_order="0">
    </box>
    <box frame="98" outside="0" occluded="0" keyframe="0" xtl="786.26" ytl="63.01" xbr="804.90" ybr="77.32" z_order="0">
    </box>
    <box frame="99" outside="0" occluded="0" keyframe="1" xtl="790.30" ytl="62.70" xbr="808.80" ybr="77.06" z_order="0">
    </box>
  </track>
  <track id="1" label="person" source="manual">
    <box frame="53" outside="0" occluded="0" keyframe="1" xtl="419.76" ytl="76.68" xbr="428.05" ybr="99.00" z_order="0">
    </box>
    <box frame="54" outside="0" occluded="0" keyframe="0" xtl="416.69" ytl="76.76" xbr="424.95" ybr="99.55" z_order="0">
    </box>
    <box frame="55" outside="0" occluded="0" keyframe="0" xtl="413.62" ytl="76.85" xbr="421.85" ybr="100.09" z_order="0">
    </box>
    <box frame="56" outside="0" occluded="0" keyframe="0" xtl="410.55" ytl="76.93" xbr="418.75" ybr="100.64" z_order="0">
    </box>
    <box frame="57" outside="0" occluded="0" keyframe="0" xtl="407.49" ytl="77.01" xbr="415.65" ybr="101.18" z_order="0">
    </box>
    <box frame="58" outside="0" occluded="0" keyframe="0" xtl="404.42" ytl="77.10" xbr="412.55" ybr="101.73" z_order="0">
    </box>
    <box frame="59" outside="0" occluded="0" keyframe="0" xtl="401.35" ytl="77.18" xbr="409.45" ybr="102.27" z_order="0">
    </box>
    <box frame="60" outside="0" occluded="0" keyframe="0" xtl="398.28" ytl="77.26" xbr="406.35" ybr="102.82" z_order="0">
    </box>
    <box frame="61" outside="0" occluded="0" keyframe="0" xtl="395.21" ytl="77.35" xbr="403.25" ybr="103.36" z_order="0">
    </box>
    <box frame="62" outside="0" occluded="0" keyframe="0" xtl="392.14" ytl="77.43" xbr="400.14" ybr="103.91" z_order="0">
    </box>
    <box frame="63" outside="0" occluded="0" keyframe="0" xtl="389.07" ytl="77.52" xbr="397.04" ybr="104.45" z_order="0">
    </box>
    <box frame="64" outside="0" occluded="0" keyframe="1" xtl="386.00" ytl="77.60" xbr="393.94" ybr="105.00" z_order="0">
    </box>
    <box frame="65" outside="0" occluded="0" keyframe="1" xtl="383.13" ytl="78.56" xbr="391.08" ybr="105.96" z_order="0">
    </box>
    <box frame="66" outside="0" occluded="0" keyframe="1" xtl="380.58" ytl="79.19" xbr="388.53" ybr="107.20" z_order="0">
    </box>
    <box frame="67" outside="0" occluded="0" keyframe="0" xtl="378.03" ytl="78.07" xbr="385.98" ybr="106.58" z_order="0">
    </box>
    <box frame="68" outside="0" occluded="0" keyframe="0" xtl="375.48" ytl="76.95" xbr="383.43" ybr="105.95" z_order="0">
    </box>
    <box frame="69" outside="0" occluded="0" keyframe="0" xtl="372.93" ytl="75.82" xbr="380.88" ybr="105.33" z_order="0">
    </box>
    <box frame="70" outside="0" occluded="0" keyframe="1" xtl="370.38" ytl="74.70" xbr="378.33" ybr="104.70" z_order="0">
    </box>
    <box frame="71" outside="0" occluded="0" keyframe="0" xtl="368.60" ytl="75.27" xbr="376.54" ybr="105.66" z_order="0">
    </box>
    <box frame="72" outside="0" occluded="0" keyframe="0" xtl="366.81" ytl="75.85" xbr="374.75" ybr="106.62" z_order="0">
    </box>
    <box frame="73" outside="0" occluded="0" keyframe="0" xtl="365.03" ytl="76.42" xbr="372.97" ybr="107.58" z_order="0">
    </box>
    <box frame="74" outside="0" occluded="0" keyframe="0" xtl="363.24" ytl="76.99" xbr="371.18" ybr="108.54" z_order="0">
    </box>
    <box frame="75" outside="0" occluded="0" keyframe="1" xtl="361.46" ytl="77.57" xbr="369.40" ybr="109.50" z_order="0">
    </box>
    <box frame="76" outside="0" occluded="0" keyframe="0" xtl="360.18" ytl="78.27" xbr="368.12" ybr="110.08" z_order="0">
    </box>
    <box frame="77" outside="0" occluded="0" keyframe="0" xtl="358.91" ytl="78.97" xbr="366.85" ybr="110.66" z_order="0">
    </box>
    <box frame="78" outside="0" occluded="0" keyframe="0" xtl="357.63" ytl="79.67" xbr="365.57" ybr="111.24" z_order="0">
    </box>
    <box frame="79" outside="0" occluded="0" keyframe="0" xtl="356.36" ytl="80.37" xbr="364.30" ybr="111.82" z_order="0">
    </box>
    <box frame="80" outside="0" occluded="0" keyframe="1" xtl="355.08" ytl="81.08" xbr="363.02" ybr="112.40" z_order="0">
    </box>
    <box frame="81" outside="0" occluded="0" keyframe="0" xtl="354.32" ytl="81.08" xbr="362.26" ybr="112.40" z_order="0">
    </box>
    <box frame="82" outside="0" occluded="0" keyframe="0" xtl="353.55" ytl="81.08" xbr="361.49" ybr="112.40" z_order="0">
    </box>
    <box frame="83" outside="0" occluded="0" keyframe="0" xtl="352.79" ytl="81.08" xbr="360.73" ybr="112.40" z_order="0">
    </box>
    <box frame="84" outside="0" occluded="0" keyframe="0" xtl="352.02" ytl="81.08" xbr="359.97" ybr="112.40" z_order="0">
    </box>
    <box frame="85" outside="0" occluded="0" keyframe="1" xtl="351.26" ytl="81.08" xbr="359.20" ybr="112.40" z_order="0">
    </box>
    <box frame="86" outside="0" occluded="0" keyframe="0" xtl="350.78" ytl="78.68" xbr="358.72" ybr="110.01" z_order="0">
    </box>
    <box frame="87" outside="0" occluded="0" keyframe="1" xtl="350.30" ytl="76.29" xbr="358.24" ybr="107.62" z_order="0">
    </box>
    <box frame="88" outside="0" occluded="0" keyframe="1" xtl="350.30" ytl="76.29" xbr="358.24" ybr="107.62" z_order="0">
    </box>
    <box frame="89" outside="0" occluded="0" keyframe="1" xtl="349.98" ytl="77.25" xbr="357.92" ybr="108.57" z_order="0">
    </box>
    <box frame="90" outside="0" occluded="0" keyframe="1" xtl="349.66" ytl="77.89" xbr="357.61" ybr="109.21" z_order="0">
    </box>
    <box frame="91" outside="0" occluded="0" keyframe="0" xtl="349.13" ytl="76.72" xbr="357.08" ybr="108.58" z_order="0">
    </box>
    <box frame="92" outside="0" occluded="0" keyframe="0" xtl="348.60" ytl="75.55" xbr="356.54" ybr="107.94" z_order="0">
    </box>
    <box frame="93" outside="0" occluded="0" keyframe="1" xtl="348.07" ytl="74.38" xbr="356.01" ybr="107.30" z_order="0">
    </box>
    <box frame="94" outside="0" occluded="1" keyframe="1" xtl="348.07" ytl="74.38" xbr="356.01" ybr="107.30" z_order="0">
    </box>
    <box frame="95" outside="0" occluded="1" keyframe="1" xtl="345.20" ytl="75.66" xbr="353.14" ybr="108.58" z_order="0">
    </box>
    <box frame="96" outside="0" occluded="0" keyframe="1" xtl="343.29" ytl="78.21" xbr="351.23" ybr="111.13" z_order="0">
    </box>
    <box frame="97" outside="0" occluded="0" keyframe="0" xtl="341.16" ytl="78.31" xbr="349.11" ybr="111.75" z_order="0">
    </box>
    <box frame="98" outside="0" occluded="0" keyframe="0" xtl="339.04" ytl="78.42" xbr="346.98" ybr="112.38" z_order="0">
    </box>
    <box frame="99" outside="0" occluded="0" keyframe="1" xtl="336.91" ytl="78.52" xbr="344.86" ybr="113.00" z_order="0">
    </box>
  </track>
  <track id="2" label="car" source="manual">
    <box frame="0" outside="0" occluded="0" keyframe="1" xtl="434.60" ytl="79.40" xbr="473.20" ybr="108.71" z_order="0">
    </box>
    <box frame="1" outside="0" occluded="0" keyframe="0" xtl="434.10" ytl="79.36" xbr="472.91" ybr="108.82" z_order="0">
    </box>
    <box frame="2" outside="0" occluded="0" keyframe="0" xtl="433.60" ytl="79.33" xbr="472.63" ybr="108.93" z_order="0">
    </box>
    <box frame="3" outside="0" occluded="0" keyframe="0" xtl="433.10" ytl="79.29" xbr="472.34" ybr="109.03" z_order="0">
    </box>
    <box frame="4" outside="0" occluded="0" keyframe="0" xtl="432.60" ytl="79.25" xbr="472.06" ybr="109.14" z_order="0">
    </box>
    <box frame="5" outside="0" occluded="0" keyframe="0" xtl="432.10" ytl="79.22" xbr="471.77" ybr="109.24" z_order="0">
    </box>
    <box frame="6" outside="0" occluded="0" keyframe="0" xtl="431.60" ytl="79.18" xbr="471.49" ybr="109.35" z_order="0">
    </box>
    <box frame="7" outside="0" occluded="0" keyframe="1" xtl="431.10" ytl="79.14" xbr="471.20" ybr="109.45" z_order="0">
    </box>
    <box frame="8" outside="0" occluded="0" keyframe="0" xtl="430.44" ytl="79.06" xbr="470.79" ybr="109.56" z_order="0">
    </box>
    <box frame="9" outside="0" occluded="0" keyframe="0" xtl="429.77" ytl="78.98" xbr="470.38" ybr="109.67" z_order="0">
    </box>
    <box frame="10" outside="0" occluded="0" keyframe="0" xtl="429.11" ytl="78.90" xbr="469.96" ybr="109.77" z_order="0">
    </box>
    <box frame="11" outside="0" occluded="0" keyframe="0" xtl="428.45" ytl="78.82" xbr="469.55" ybr="109.88" z_order="0">
    </box>
    <box frame="12" outside="0" occluded="0" keyframe="0" xtl="427.79" ytl="78.74" xbr="469.14" ybr="109.98" z_order="0">
    </box>
    <box frame="13" outside="0" occluded="0" keyframe="0" xtl="427.12" ytl="78.66" xbr="468.73" ybr="110.09" z_order="0">
    </box>
    <box frame="14" outside="0" occluded="0" keyframe="0" xtl="426.46" ytl="78.58" xbr="468.31" ybr="110.19" z_order="0">
    </box>
    <box frame="15" outside="0" occluded="0" keyframe="1" xtl="425.80" ytl="78.50" xbr="467.90" ybr="110.30" z_order="0">
    </box>
    <box frame="16" outside="0" occluded="0" keyframe="0" xtl="424.97" ytl="78.78" xbr="467.20" ybr="110.55" z_order="0">
    </box>
    <box frame="17" outside="0" occluded="0" keyframe="0" xtl="424.13" ytl="79.07" xbr="466.50" ybr="110.80" z_order="0">
    </box>
    <box frame="18" outside="0" occluded="0" keyframe="0" xtl="423.30" ytl="79.35" xbr="465.80" ybr="111.05" z_order="0">
    </box>
    <box frame="19" outside="0" occluded="0" keyframe="0" xtl="422.47" ytl="79.63" xbr="465.10" ybr="111.30" z_order="0">
    </box>
    <box frame="20" outside="0" occluded="0" keyframe="0" xtl="421.63" ytl="79.92" xbr="464.40" ybr="111.55" z_order="0">
    </box>
    <box frame="21" outside="0" occluded="0" keyframe="1" xtl="420.80" ytl="80.20" xbr="463.70" ybr="111.80" z_order="0">
    </box>
    <box frame="22" outside="0" occluded="0" keyframe="0" xtl="419.45" ytl="80.20" xbr="463.10" ybr="113.17" z_order="0">
    </box>
    <box frame="23" outside="0" occluded="0" keyframe="1" xtl="418.10" ytl="80.20" xbr="462.50" ybr="114.53" z_order="0">
    </box>
    <box frame="24" outside="0" occluded="0" keyframe="0" xtl="416.72" ytl="80.62" xbr="461.42" ybr="114.79" z_order="0">
    </box>
    <box frame="25" outside="0" occluded="0" keyframe="0" xtl="415.34" ytl="81.04" xbr="460.34" ybr="115.04" z_order="0">
    </box>
    <box frame="26" outside="0" occluded="0" keyframe="0" xtl="413.96" ytl="81.46" xbr="459.26" ybr="115.29" z_order="0">
    </box>
    <box frame="27" outside="0" occluded="0" keyframe="0" xtl="412.58" ytl="81.88" xbr="458.18" ybr="115.55" z_order="0">
    </box>
    <box frame="28" outside="0" occluded="0" keyframe="1" xtl="411.20" ytl="82.30" xbr="457.10" ybr="115.80" z_order="0">
    </box>
    <box frame="29" outside="0" occluded="0" keyframe="0" xtl="409.35" ytl="82.75" xbr="455.00" ybr="117.40" z_order="0">
    </box>
    <box frame="30" outside="0" occluded="0" keyframe="1" xtl="407.50" ytl="83.20" xbr="452.90" ybr="119.00" z_order="0">
    </box>
    <box frame="31" outside="0" occluded="0" keyframe="0" xtl="405.43" ytl="83.10" xbr="452.23" ybr="119.81" z_order="0">
    </box>
    <box frame="32" outside="0" occluded="0" keyframe="0" xtl="403.37" ytl="83.00" xbr="451.57" ybr="120.61" z_order="0">
    </box>
    <box frame="33" outside="0" occluded="0" keyframe="1" xtl="401.30" ytl="82.90" xbr="450.90" ybr="121.42" z_order="0">
    </box>
    <box frame="34" outside="0" occluded="0" keyframe="1" xtl="396.03" ytl="83.95" xbr="447.31" ybr="121.80" z_order="0">
    </box>
    <box frame="35" outside="0" occluded="0" keyframe="1" xtl="395.60" ytl="84.08" xbr="446.55" ybr="122.70" z_order="0">
    </box>
    <box frame="36" outside="0" occluded="0" keyframe="1" xtl="393.80" ytl="84.20" xbr="445.80" ybr="123.60" z_order="0">
    </box>
    <box frame="37" outside="0" occluded="0" keyframe="1" xtl="391.20" ytl="84.35" xbr="443.55" ybr="124.50" z_order="0">
    </box>
    <box frame="38" outside="0" occluded="0" keyframe="1" xtl="387.90" ytl="84.50" xbr="441.30" ybr="125.40" z_order="0">
    </box>
    <box frame="39" outside="0" occluded="0" keyframe="0" xtl="384.98" ytl="84.95" xbr="439.10" ybr="125.50" z_order="0">
    </box>
    <box frame="40" outside="0" occluded="0" keyframe="1" xtl="382.05" ytl="85.40" xbr="436.90" ybr="125.61" z_order="0">
    </box>
    <box frame="41" outside="0" occluded="0" keyframe="1" xtl="378.40" ytl="85.34" xbr="434.70" ybr="127.50" z_order="0">
    </box>
    <box frame="42" outside="0" occluded="0" keyframe="1" xtl="374.02" ytl="85.28" xbr="430.66" ybr="127.50" z_order="0">
    </box>
    <box frame="43" outside="0" occluded="0" keyframe="1" xtl="370.00" ytl="85.22" xbr="427.54" ybr="127.90" z_order="0">
    </box>
    <box frame="44" outside="0" occluded="0" keyframe="0" xtl="365.99" ytl="85.16" xbr="424.42" ybr="127.87" z_order="0">
    </box>
    <box frame="45" outside="0" occluded="0" keyframe="1" xtl="361.97" ytl="85.10" xbr="421.30" ybr="127.84" z_order="0">
    </box>
    <box frame="46" outside="0" occluded="0" keyframe="0" xtl="356.58" ytl="85.70" xbr="417.17" ybr="127.84" z_order="0">
    </box>
    <box frame="47" outside="0" occluded="0" keyframe="0" xtl="351.19" ytl="86.30" xbr="413.03" ybr="127.84" z_order="0">
    </box>
    <box frame="48" outside="0" occluded="0" keyframe="1" xtl="345.80" ytl="86.90" xbr="408.90" ybr="127.84" z_order="0">
    </box>
    <box frame="49" outside="0" occluded="0" keyframe="0" xtl="339.85" ytl="86.69" xbr="403.40" ybr="127.84" z_order="0">
    </box>
    <box frame="50" outside="0" occluded="0" keyframe="1" xtl="333.90" ytl="86.47" xbr="397.90" ybr="127.84" z_order="0">
    </box>
    <box frame="51" outside="0" occluded="0" keyframe="0" xtl="327.11" ytl="86.75" xbr="392.20" ybr="127.84" z_order="0">
    </box>
    <box frame="52" outside="0" occluded="0" keyframe="0" xtl="320.31" ytl="87.02" xbr="386.50" ybr="127.84" z_order="0">
    </box>
    <box frame="53" outside="0" occluded="0" keyframe="1" xtl="313.52" ytl="87.30" xbr="380.80" ybr="127.84" z_order="0">
    </box>
    <box frame="54" outside="0" occluded="0" keyframe="0" xtl="305.32" ytl="87.26" xbr="373.00" ybr="127.86" z_order="0">
    </box>
    <box frame="55" outside="0" occluded="0" keyframe="0" xtl="297.11" ytl="87.22" xbr="365.20" ybr="127.88" z_order="0">
    </box>
    <box frame="56" outside="0" occluded="0" keyframe="0" xtl="288.91" ytl="87.19" xbr="357.40" ybr="127.90" z_order="0">
    </box>
    <box frame="57" outside="0" occluded="0" keyframe="1" xtl="280.71" ytl="87.15" xbr="349.60" ybr="127.92" z_order="0">
    </box>
    <box frame="58" outside="0" occluded="0" keyframe="0" xtl="272.51" ytl="87.11" xbr="340.35" ybr="127.94" z_order="0">
    </box>
    <box frame="59" outside="0" occluded="0" keyframe="1" xtl="264.30" ytl="87.07" xbr="331.10" ybr="127.96" z_order="0">
    </box>
    <box frame="60" outside="0" occluded="0" keyframe="1" xtl="256.10" ytl="87.04" xbr="321.30" ybr="127.98" z_order="0">
    </box>
    <box frame="61" outside="0" occluded="0" keyframe="1" xtl="247.90" ytl="87.00" xbr="310.67" ybr="128.00" z_order="0">
    </box>
    <box frame="62" outside="0" occluded="0" keyframe="0" xtl="239.89" ytl="86.73" xbr="299.56" ybr="128.00" z_order="0">
    </box>
    <box frame="63" outside="0" occluded="0" keyframe="0" xtl="231.88" ytl="86.45" xbr="288.45" ybr="128.00" z_order="0">
    </box>
    <box frame="64" outside="0" occluded="0" keyframe="0" xtl="223.87" ytl="86.18" xbr="277.34" ybr="128.00" z_order="0">
    </box>
    <box frame="65" outside="0" occluded="0" keyframe="0" xtl="215.86" ytl="85.90" xbr="266.23" ybr="128.00" z_order="0">
    </box>
    <box frame="66" outside="0" occluded="0" keyframe="0" xtl="207.86" ytl="85.63" xbr="255.12" ybr="128.00" z_order="0">
    </box>
    <box frame="67" outside="0" occluded="0" keyframe="0" xtl="199.85" ytl="85.35" xbr="244.01" ybr="128.00" z_order="0">
    </box>
    <box frame="68" outside="0" occluded="0" keyframe="1" xtl="191.84" ytl="85.08" xbr="232.90" ybr="128.00" z_order="0">
    </box>
    <box frame="69" outside="0" occluded="0" keyframe="1" xtl="183.83" ytl="84.80" xbr="223.30" ybr="128.00" z_order="0">
    </box>
    <box frame="70" outside="0" occluded="0" keyframe="0" xtl="176.22" ytl="84.44" xbr="213.35" ybr="128.00" z_order="0">
    </box>
    <box frame="71" outside="0" occluded="0" keyframe="1" xtl="168.62" ytl="84.08" xbr="203.40" ybr="128.00" z_order="0">
    </box>
    <box frame="72" outside="0" occluded="0" keyframe="0" xtl="161.01" ytl="83.71" xbr="195.33" ybr="128.00" z_order="0">
    </box>
    <box frame="73" outside="0" occluded="0" keyframe="0" xtl="153.41" ytl="83.35" xbr="187.27" ybr="128.00" z_order="0">
    </box>
    <box frame="74" outside="0" occluded="0" keyframe="1" xtl="145.80" ytl="82.99" xbr="179.20" ybr="128.00" z_order="0">
    </box>
    <box frame="75" outside="0" occluded="0" keyframe="1" xtl="140.10" ytl="82.62" xbr="173.80" ybr="128.00" z_order="0">
    </box>
    <box frame="76" outside="0" occluded="0" keyframe="1" xtl="134.70" ytl="82.26" xbr="169.60" ybr="128.00" z_order="0">
    </box>
    <box frame="77" outside="0" occluded="0" keyframe="1" xtl="130.28" ytl="81.90" xbr="165.90" ybr="128.00" z_order="0">
    </box>
    <box frame="78" outside="0" occluded="0" keyframe="0" xtl="125.74" ytl="81.22" xbr="162.55" ybr="127.75" z_order="0">
    </box>
    <box frame="79" outside="0" occluded="0" keyframe="1" xtl="121.20" ytl="80.53" xbr="159.20" ybr="127.50" z_order="0">
    </box>
    <box frame="80" outside="0" occluded="0" keyframe="0" xtl="118.30" ytl="79.85" xbr="156.48" ybr="127.25" z_order="0">
    </box>
    <box frame="81" outside="0" occluded="0" keyframe="1" xtl="115.40" ytl="79.17" xbr="153.77" ybr="127.00" z_order="0">
    </box>
    <box frame="82" outside="0" occluded="0" keyframe="0" xtl="113.15" ytl="78.48" xbr="150.73" ybr="123.41" z_order="0">
    </box>
    <box frame="83" outside="0" occluded="0" keyframe="1" xtl="110.90" ytl="77.80" xbr="147.70" ybr="119.83" z_order="0">
    </box>
    <box frame="84" outside="0" occluded="0" keyframe="0" xtl="109.35" ytl="77.95" xbr="146.40" ybr="118.46" z_order="0">
    </box>
    <box frame="85" outside="0" occluded="0" keyframe="1" xtl="107.80" ytl="78.10" xbr="145.10" ybr="117.10" z_order="0">
    </box>
    <box frame="86" outside="0" occluded="0" keyframe="1" xtl="107.10" ytl="79.04" xbr="142.50" ybr="116.79" z_order="0">
    </box>
    <box frame="87" outside="0" occluded="0" keyframe="0" xtl="106.50" ytl="78.72" xbr="142.05" ybr="115.55" z_order="0">
    </box>
    <box frame="88" outside="0" occluded="0" keyframe="1" xtl="105.90" ytl="78.40" xbr="141.60" ybr="114.30" z_order="0">
    </box>
    <box frame="89" outside="0" occluded="0" keyframe="0" xtl="105.20" ytl="79.05" xbr="140.70" ybr="114.20" z_order="0">
    </box>
    <box frame="90" outside="0" occluded="0" keyframe="1" xtl="104.50" ytl="79.70" xbr="139.80" ybr="114.10" z_order="0">
    </box>
    <box frame="91" outside="0" occluded="0" keyframe="1" xtl="103.90" ytl="79.10" xbr="138.80" ybr="111.02" z_order="0">
    </box>
    <box frame="92" outside="0" occluded="0" keyframe="0" xtl="103.10" ytl="77.80" xbr="137.80" ybr="109.81" z_order="0">
    </box>
    <box frame="93" outside="0" occluded="0" keyframe="1" xtl="102.30" ytl="76.50" xbr="136.80" ybr="108.60" z_order="0">
    </box>
    <box frame="94" outside="0" occluded="0" keyframe="0" xtl="101.45" ytl="76.50" xbr="135.70" ybr="108.10" z_order="0">
    </box>
    <box frame="95" outside="0" occluded="0" keyframe="1" xtl="100.60" ytl="76.50" xbr="134.60" ybr="107.60" z_order="0">
    </box>
    <box frame="96" outside="0" occluded="0" keyframe="0" xtl="99.80" ytl="77.20" xbr="133.40" ybr="106.96" z_order="0">
    </box>
    <box frame="97" outside="0" occluded="0" keyframe="1" xtl="99.00" ytl="77.90" xbr="132.20" ybr="106.33" z_order="0">
    </box>
    <box frame="98" outside="0" occluded="0" keyframe="0" xtl="97.90" ytl="77.35" xbr="131.00" ybr="105.69" z_order="0">
    </box>
    <box frame="99" outside="0" occluded="0" keyframe="1" xtl="96.80" ytl="76.80" xbr="129.80" ybr="105.05" z_order="0">
    </box>
  </track>
  <track id="3" label="car" source="manual">
    <box frame="0" outside="0" occluded="0" keyframe="1" xtl="459.20" ytl="78.65" xbr="484.94" ybr="96.45" z_order="0">
    </box>
    <box frame="1" outside="0" occluded="0" keyframe="1" xtl="458.80" ytl="78.65" xbr="484.61" ybr="96.45" z_order="0">
    </box>
    <box frame="2" outside="0" occluded="0" keyframe="1" xtl="459.20" ytl="78.65" xbr="484.28" ybr="96.45" z_order="0">
    </box>
    <box frame="3" outside="0" occluded="0" keyframe="1" xtl="459.50" ytl="78.65" xbr="483.96" ybr="96.45" z_order="0">
    </box>
    <box frame="4" outside="0" occluded="0" keyframe="0" xtl="458.40" ytl="78.65" xbr="483.63" ybr="96.45" z_order="0">
    </box>
    <box frame="5" outside="0" occluded="0" keyframe="1" xtl="457.30" ytl="78.65" xbr="483.30" ybr="96.45" z_order="0">
    </box>
    <box frame="6" outside="0" occluded="0" keyframe="0" xtl="457.04" ytl="78.54" xbr="483.20" ybr="96.45" z_order="0">
    </box>
    <box frame="7" outside="0" occluded="0" keyframe="0" xtl="456.78" ytl="78.43" xbr="483.10" ybr="96.45" z_order="0">
    </box>
    <box frame="8" outside="0" occluded="0" keyframe="0" xtl="456.52" ytl="78.32" xbr="483.00" ybr="96.45" z_order="0">
    </box>
    <box frame="9" outside="0" occluded="0" keyframe="0" xtl="456.26" ytl="78.21" xbr="482.90" ybr="96.45" z_order="0">
    </box>
    <box frame="10" outside="0" occluded="0" keyframe="1" xtl="456.00" ytl="78.10" xbr="482.80" ybr="96.45" z_order="0">
    </box>
    <box frame="11" outside="0" occluded="0" keyframe="0" xtl="455.58" ytl="78.10" xbr="482.32" ybr="96.45" z_order="0">
    </box>
    <box frame="12" outside="0" occluded="0" keyframe="0" xtl="455.16" ytl="78.10" xbr="481.84" ybr="96.45" z_order="0">
    </box>
    <box frame="13" outside="0" occluded="0" keyframe="0" xtl="454.74" ytl="78.10" xbr="481.36" ybr="96.45" z_order="0">
    </box>
    <box frame="14" outside="0" occluded="0" keyframe="0" xtl="454.32" ytl="78.10" xbr="480.88" ybr="96.45" z_order="0">
    </box>
    <box frame="15" outside="0" occluded="0" keyframe="1" xtl="453.90" ytl="78.10" xbr="480.40" ybr="96.45" z_order="0">
    </box>
    <box frame="16" outside="0" occluded="0" keyframe="0" xtl="452.98" ytl="78.08" xbr="480.00" ybr="96.70" z_order="0">
    </box>
    <box frame="17" outside="0" occluded="0" keyframe="0" xtl="452.06" ytl="78.06" xbr="479.60" ybr="96.95" z_order="0">
    </box>
    <box frame="18" outside="0" occluded="0" keyframe="0" xtl="451.14" ytl="78.04" xbr="479.20" ybr="97.20" z_order="0">
    </box>
    <box frame="19" outside="0" occluded="0" keyframe="0" xtl="450.22" ytl="78.02" xbr="478.80" ybr="97.45" z_order="0">
    </box>
    <box frame="20" outside="0" occluded="0" keyframe="1" xtl="449.30" ytl="78.00" xbr="478.40" ybr="97.70" z_order="0">
    </box>
    <box frame="21" outside="0" occluded="0" keyframe="0" xtl="448.38" ytl="78.18" xbr="477.73" ybr="98.25" z_order="0">
    </box>
    <box frame="22" outside="0" occluded="0" keyframe="0" xtl="447.46" ytl="78.36" xbr="477.06" ybr="98.79" z_order="0">
    </box>
    <box frame="23" outside="0" occluded="0" keyframe="0" xtl="446.54" ytl="78.54" xbr="476.39" ybr="99.34" z_order="0">
    </box>
    <box frame="24" outside="0" occluded="0" keyframe="0" xtl="445.62" ytl="78.72" xbr="475.72" ybr="99.88" z_order="0">
    </box>
    <box frame="25" outside="0" occluded="0" keyframe="1" xtl="444.70" ytl="78.90" xbr="475.04" ybr="100.43" z_order="0">
    </box>
    <box frame="26" outside="0" occluded="0" keyframe="0" xtl="443.47" ytl="79.14" xbr="474.18" ybr="100.83" z_order="0">
    </box>
    <box frame="27" outside="0" occluded="0" keyframe="0" xtl="442.25" ytl="79.37" xbr="473.31" ybr="101.23" z_order="0">
    </box>
    <box frame="28" outside="0" occluded="0" keyframe="0" xtl="441.02" ytl="79.61" xbr="472.44" ybr="101.62" z_order="0">
    </box>
    <box frame="29" outside="0" occluded="0" keyframe="0" xtl="439.79" ytl="79.85" xbr="471.57" ybr="102.02" z_order="0">
    </box>
    <box frame="30" outside="0" occluded="0" keyframe="0" xtl="438.56" ytl="80.08" xbr="470.70" ybr="102.42" z_order="0">
    </box>
    <box frame="31" outside="0" occluded="0" keyframe="0" xtl="437.34" ytl="80.32" xbr="469.83" ybr="102.82" z_order="0">
    </box>
    <box frame="32" outside="0" occluded="0" keyframe="0" xtl="436.11" ytl="80.55" xbr="468.96" ybr="103.22" z_order="0">
    </box>
    <box frame="33" outside="0" occluded="0" keyframe="0" xtl="434.88" ytl="80.79" xbr="468.09" ybr="103.61" z_order="0">
    </box>
    <box frame="34" outside="0" occluded="0" keyframe="0" xtl="433.65" ytl="81.03" xbr="467.22" ybr="104.01" z_order="0">
    </box>
    <box frame="35" outside="0" occluded="0" keyframe="0" xtl="432.43" ytl="81.26" xbr="466.35" ybr="104.41" z_order="0">
    </box>
    <box frame="36" outside="0" occluded="0" keyframe="1" xtl="431.20" ytl="81.50" xbr="465.48" ybr="104.81" z_order="0">
    </box>
    <box frame="37" outside="0" occluded="0" keyframe="0" xtl="428.95" ytl="81.46" xbr="463.80" ybr="105.21" z_order="0">
    </box>
    <box frame="38" outside="0" occluded="0" keyframe="0" xtl="426.70" ytl="81.42" xbr="462.11" ybr="105.60" z_order="0">
    </box>
    <box frame="39" outside="0" occluded="0" keyframe="0" xtl="424.45" ytl="81.38" xbr="460.42" ybr="106.00" z_order="0">
    </box>
    <box frame="40" outside="0" occluded="0" keyframe="0" xtl="422.20" ytl="81.34" xbr="458.73" ybr="106.40" z_order="0">
    </box>
    <box frame="41" outside="0" occluded="0" keyframe="0" xtl="419.95" ytl="81.30" xbr="457.04" ybr="106.80" z_order="0">
    </box>
    <box frame="42" outside="0" occluded="0" keyframe="0" xtl="417.70" ytl="81.26" xbr="455.35" ybr="107.20" z_order="0">
    </box>
    <box frame="43" outside="0" occluded="0" keyframe="0" xtl="415.45" ytl="81.22" xbr="453.66" ybr="107.60" z_order="0">
    </box>
    <box frame="44" outside="0" occluded="0" keyframe="0" xtl="413.20" ytl="81.18" xbr="451.97" ybr="107.99" z_order="0">
    </box>
    <box frame="45" outside="0" occluded="0" keyframe="0" xtl="410.95" ytl="81.14" xbr="450.28" ybr="108.39" z_order="0">
    </box>
    <box frame="46" outside="0" occluded="0" keyframe="1" xtl="408.70" ytl="81.10" xbr="448.59" ybr="108.79" z_order="0">
    </box>
    <box frame="47" outside="0" occluded="0" keyframe="0" xtl="405.08" ytl="81.52" xbr="445.74" ybr="109.87" z_order="0">
    </box>
    <box frame="48" outside="0" occluded="0" keyframe="0" xtl="401.47" ytl="81.93" xbr="442.89" ybr="110.96" z_order="0">
    </box>
    <box frame="49" outside="0" occluded="0" keyframe="0" xtl="397.85" ytl="82.35" xbr="440.05" ybr="112.04" z_order="0">
    </box>
    <box frame="50" outside="0" occluded="0" keyframe="0" xtl="394.23" ytl="82.77" xbr="437.20" ybr="113.13" z_order="0">
    </box>
    <box frame="51" outside="0" occluded="0" keyframe="0" xtl="390.62" ytl="83.18" xbr="434.35" ybr="114.21" z_order="0">
    </box>
    <box frame="52" outside="0" occluded="0" keyframe="1" xtl="387.00" ytl="83.60" xbr="431.50" ybr="115.30" z_order="0">
    </box>
    <box frame="53" outside="0" occluded="0" keyframe="0" xtl="382.50" ytl="83.60" xbr="428.31" ybr="116.10" z_order="0">
    </box>
    <box frame="54" outside="0" occluded="0" keyframe="0" xtl="378.00" ytl="83.60" xbr="425.12" ybr="116.89" z_order="0">
    </box>
    <box frame="55" outside="0" occluded="0" keyframe="1" xtl="373.50" ytl="83.60" xbr="421.94" ybr="117.69" z_order="0">
    </box>
    <box frame="56" outside="0" occluded="0" keyframe="0" xtl="368.35" ytl="83.70" xbr="417.53" ybr="118.81" z_order="0">
    </box>
    <box frame="57" outside="0" occluded="0" keyframe="1" xtl="363.20" ytl="83.80" xbr="413.12" ybr="119.92" z_order="0">
    </box>
    <box frame="58" outside="0" occluded="0" keyframe="0" xtl="357.87" ytl="83.90" xbr="408.72" ybr="121.04" z_order="0">
    </box>
    <box frame="59" outside="0" occluded="0" keyframe="0" xtl="352.53" ytl="84.00" xbr="404.31" ybr="122.15" z_order="0">
    </box>
    <box frame="60" outside="0" occluded="0" keyframe="1" xtl="347.20" ytl="84.10" xbr="399.90" ybr="123.27" z_order="0">
    </box>
    <box frame="61" outside="0" occluded="0" keyframe="0" xtl="341.20" ytl="84.64" xbr="394.64" ybr="124.17" z_order="0">
    </box>
    <box frame="62" outside="0" occluded="0" keyframe="0" xtl="335.20" ytl="85.18" xbr="389.38" ybr="125.07" z_order="0">
    </box>
    <box frame="63" outside="0" occluded="0" keyframe="0" xtl="329.20" ytl="85.72" xbr="384.12" ybr="125.98" z_order="0">
    </box>
    <box frame="64" outside="0" occluded="0" keyframe="1" xtl="323.20" ytl="86.26" xbr="378.86" ybr="126.88" z_order="0">
    </box>
    <box frame="65" outside="0" occluded="0" keyframe="1" xtl="316.90" ytl="86.80" xbr="373.60" ybr="127.78" z_order="0">
    </box>
    <box frame="66" outside="0" occluded="0" keyframe="0" xtl="310.74" ytl="86.32" xbr="367.54" ybr="127.78" z_order="0">
    </box>
    <box frame="67" outside="0" occluded="0" keyframe="0" xtl="304.58" ytl="85.84" xbr="361.49" ybr="127.78" z_order="0">
    </box>
    <box frame="68" outside="0" occluded="0" keyframe="0" xtl="298.42" ytl="85.36" xbr="355.43" ybr="127.78" z_order="0">
    </box>
    <box frame="69" outside="0" occluded="0" keyframe="0" xtl="292.26" ytl="84.88" xbr="349.37" ybr="127.78" z_order="0">
    </box>
    <box frame="70" outside="0" occluded="0" keyframe="1" xtl="286.10" ytl="84.40" xbr="343.32" ybr="127.78" z_order="0">
    </box>
    <box frame="71" outside="0" occluded="0" keyframe="0" xtl="279.94" ytl="84.88" xbr="336.57" ybr="127.78" z_order="0">
    </box>
    <box frame="72" outside="0" occluded="0" keyframe="0" xtl="273.77" ytl="85.36" xbr="329.83" ybr="127.78" z_order="0">
    </box>
    <box frame="73" outside="0" occluded="0" keyframe="0" xtl="267.61" ytl="85.84" xbr="323.09" ybr="127.78" z_order="0">
    </box>
    <box frame="74" outside="0" occluded="0" keyframe="0" xtl="261.45" ytl="86.32" xbr="316.34" ybr="127.78" z_order="0">
    </box>
    <box frame="75" outside="0" occluded="0" keyframe="1" xtl="255.29" ytl="86.80" xbr="309.60" ybr="127.78" z_order="0">
    </box>
    <box frame="76" outside="0" occluded="0" keyframe="0" xtl="249.81" ytl="86.80" xbr="302.22" ybr="127.78" z_order="0">
    </box>
    <box frame="77" outside="0" occluded="0" keyframe="0" xtl="244.33" ytl="86.80" xbr="294.84" ybr="127.78" z_order="0">
    </box>
    <box frame="78" outside="0" occluded="0" keyframe="0" xtl="238.85" ytl="86.80" xbr="287.46" ybr="127.78" z_order="0">
    </box>
    <box frame="79" outside="0" occluded="0" keyframe="0" xtl="233.38" ytl="86.80" xbr="280.08" ybr="127.78" z_order="0">
    </box>
    <box frame="80" outside="0" occluded="0" keyframe="1" xtl="227.90" ytl="86.80" xbr="272.70" ybr="127.78" z_order="0">
    </box>
    <box frame="81" outside="0" occluded="0" keyframe="0" xtl="223.60" ytl="86.42" xbr="265.84" ybr="127.73" z_order="0">
    </box>
    <box frame="82" outside="0" occluded="0" keyframe="0" xtl="219.30" ytl="86.04" xbr="258.98" ybr="127.67" z_order="0">
    </box>
    <box frame="83" outside="0" occluded="0" keyframe="0" xtl="215.00" ytl="85.66" xbr="252.12" ybr="127.61" z_order="0">
    </box>
    <box frame="84" outside="0" occluded="0" keyframe="0" xtl="210.70" ytl="85.28" xbr="245.26" ybr="127.56" z_order="0">
    </box>
    <box frame="85" outside="0" occluded="0" keyframe="1" xtl="206.40" ytl="84.90" xbr="238.40" ybr="127.50" z_order="0">
    </box>
    <box frame="86" outside="0" occluded="0" keyframe="1" xtl="203.00" ytl="84.80" xbr="232.10" ybr="127.55" z_order="0">
    </box>
    <box frame="87" outside="0" occluded="0" keyframe="0" xtl="197.94" ytl="84.70" xbr="227.10" ybr="127.61" z_order="0">
    </box>
    <box frame="88" outside="0" occluded="0" keyframe="0" xtl="192.88" ytl="84.60" xbr="222.10" ybr="127.66" z_order="0">
    </box>
    <box frame="89" outside="0" occluded="0" keyframe="0" xtl="187.82" ytl="84.50" xbr="217.10" ybr="127.71" z_order="0">
    </box>
    <box frame="90" outside="0" occluded="0" keyframe="1" xtl="182.76" ytl="84.40" xbr="212.10" ybr="127.77" z_order="0">
    </box>
    <box frame="91" outside="0" occluded="0" keyframe="0" xtl="178.57" ytl="83.40" xbr="208.80" ybr="126.08" z_order="0">
    </box>
    <box frame="92" outside="0" occluded="0" keyframe="0" xtl="174.38" ytl="82.40" xbr="205.50" ybr="124.39" z_order="0">
    </box>
    <box frame="93" outside="0" occluded="0" keyframe="1" xtl="170.18" ytl="81.40" xbr="202.20" ybr="122.70" z_order="0">
    </box>
    <box frame="94" outside="0" occluded="0" keyframe="0" xtl="165.99" ytl="80.40" xbr="198.90" ybr="122.31" z_order="0">
    </box>
    <box frame="95" outside="0" occluded="0" keyframe="1" xtl="161.80" ytl="79.40" xbr="195.60" ybr="121.92" z_order="0">
    </box>
    <box frame="96" outside="0" occluded="0" keyframe="1" xtl="157.95" ytl="81.10" xbr="192.27" ybr="121.19" z_order="0">
    </box>
    <box frame="97" outside="0" occluded="0" keyframe="0" xtl="154.10" ytl="80.27" xbr="188.95" ybr="120.46" z_order="0">
    </box>
    <box frame="98" outside="0" occluded="0" keyframe="0" xtl="150.25" ytl="79.43" xbr="185.62" ybr="119.73" z_order="0">
    </box>
    <box frame="99" outside="0" occluded="0" keyframe="1" xtl="146.39" ytl="78.60" xbr="182.30" ybr="119.00" z_order="0">
    </box>
  </track>
  <track id="4" label="car" source="manual">
    <box frame="0" outside="0" occluded="0" keyframe="1" xtl="543.06" ytl="75.82" xbr="558.36" ybr="87.30" z_order="0">
    </box>
    <box frame="1" outside="0" occluded="0" keyframe="0" xtl="544.52" ytl="75.68" xbr="559.82" ybr="87.11" z_order="0">
    </box>
    <box frame="2" outside="0" occluded="0" keyframe="0" xtl="545.98" ytl="75.54" xbr="561.28" ybr="86.93" z_order="0">
    </box>
    <box frame="3" outside="0" occluded="0" keyframe="0" xtl="547.43" ytl="75.41" xbr="562.73" ybr="86.74" z_order="0">
    </box>
    <box frame="4" outside="0" occluded="0" keyframe="0" xtl="548.89" ytl="75.27" xbr="564.19" ybr="86.56" z_order="0">
    </box>
    <box frame="5" outside="0" occluded="0" keyframe="0" xtl="550.35" ytl="75.13" xbr="565.65" ybr="86.37" z_order="0">
    </box>
    <box frame="6" outside="0" occluded="0" keyframe="0" xtl="551.80" ytl="75.00" xbr="567.11" ybr="86.19" z_order="0">
    </box>
    <box frame="7" outside="0" occluded="0" keyframe="1" xtl="553.26" ytl="74.86" xbr="568.56" ybr="86.00" z_order="0">
    </box>
    <box frame="8" outside="0" occluded="0" keyframe="0" xtl="554.38" ytl="74.38" xbr="569.68" ybr="85.20" z_order="0">
    </box>
    <box frame="9" outside="0" occluded="0" keyframe="1" xtl="555.49" ytl="73.91" xbr="570.79" ybr="84.40" z_order="0">
    </box>
    <box frame="10" outside="1" occluded="0" keyframe="1" xtl="555.49" ytl="73.91" xbr="570.79" ybr="84.40" z_order="0">
    </box>
  </track>
  <track id="5" label="person" source="manual">
    <box frame="0" outside="0" occluded="0" keyframe="1" xtl="491.20" ytl="75.17" xbr="502.84" ybr="128.00" z_order="0">
    </box>
    <box frame="1" outside="0" occluded="0" keyframe="0" xtl="493.28" ytl="75.22" xbr="504.69" ybr="127.94" z_order="0">
    </box>
    <box frame="2" outside="0" occluded="0" keyframe="0" xtl="495.36" ytl="75.26" xbr="506.55" ybr="127.88" z_order="0">
    </box>
    <box frame="3" outside="0" occluded="0" keyframe="0" xtl="497.44" ytl="75.31" xbr="508.40" ybr="127.82" z_order="0">
    </box>
    <box frame="4" outside="0" occluded="0" keyframe="0" xtl="499.52" ytl="75.35" xbr="510.25" ybr="127.76" z_order="0">
    </box>
    <box frame="5" outside="0" occluded="0" keyframe="1" xtl="501.60" ytl="75.40" xbr="512.10" ybr="127.70" z_order="0">
    </box>
    <box frame="6" outside="0" occluded="0" keyframe="0" xtl="503.72" ytl="75.29" xbr="514.55" ybr="127.59" z_order="0">
    </box>
    <box frame="7" outside="0" occluded="0" keyframe="0" xtl="505.85" ytl="75.19" xbr="517.00" ybr="127.49" z_order="0">
    </box>
    <box frame="8" outside="0" occluded="0" keyframe="0" xtl="507.97" ytl="75.08" xbr="519.45" ybr="127.38" z_order="0">
    </box>
    <box frame="9" outside="0" occluded="0" keyframe="1" xtl="510.10" ytl="74.98" xbr="521.90" ybr="127.28" z_order="0">
    </box>
    <box frame="10" outside="0" occluded="0" keyframe="1" xtl="512.22" ytl="74.87" xbr="523.30" ybr="127.17" z_order="0">
    </box>
    <box frame="11" outside="0" occluded="0" keyframe="0" xtl="514.30" ytl="74.60" xbr="525.27" ybr="127.22" z_order="0">
    </box>
    <box frame="12" outside="0" occluded="0" keyframe="0" xtl="516.37" ytl="74.34" xbr="527.23" ybr="127.26" z_order="0">
    </box>
    <box frame="13" outside="0" occluded="0" keyframe="0" xtl="518.45" ytl="74.07" xbr="529.20" ybr="127.31" z_order="0">
    </box>
    <box frame="14" outside="0" occluded="0" keyframe="0" xtl="520.52" ytl="73.81" xbr="531.16" ybr="127.35" z_order="0">
    </box>
    <box frame="15" outside="0" occluded="0" keyframe="1" xtl="522.60" ytl="73.54" xbr="533.13" ybr="127.40" z_order="0">
    </box>
    <box frame="16" outside="0" occluded="0" keyframe="0" xtl="524.52" ytl="73.53" xbr="535.72" ybr="127.52" z_order="0">
    </box>
    <box frame="17" outside="0" occluded="0" keyframe="0" xtl="526.45" ytl="73.52" xbr="538.31" ybr="127.64" z_order="0">
    </box>
    <box frame="18" outside="0" occluded="0" keyframe="0" xtl="528.37" ytl="73.51" xbr="540.91" ybr="127.76" z_order="0">
    </box>
    <box frame="19" outside="0" occluded="0" keyframe="1" xtl="530.30" ytl="73.50" xbr="543.50" ybr="127.88" z_order="0">
    </box>
    <box frame="20" outside="0" occluded="0" keyframe="1" xtl="532.90" ytl="73.10" xbr="545.10" ybr="128.00" z_order="0">
    </box>
    <box frame="21" outside="0" occluded="0" keyframe="1" xtl="535.24" ytl="73.07" xbr="546.20" ybr="128.00" z_order="0">
    </box>
    <box frame="22" outside="0" occluded="0" keyframe="1" xtl="537.58" ytl="73.03" xbr="547.90" ybr="128.00" z_order="0">
    </box>
    <box frame="23" outside="0" occluded="0" keyframe="0" xtl="539.93" ytl="73.00" xbr="550.53" ybr="128.00" z_order="0">
    </box>
    <box frame="24" outside="0" occluded="0" keyframe="0" xtl="542.27" ytl="72.97" xbr="553.17" ybr="128.00" z_order="0">
    </box>
    <box frame="25" outside="0" occluded="0" keyframe="1" xtl="544.61" ytl="72.93" xbr="555.80" ybr="128.00" z_order="0">
    </box>
    <box frame="26" outside="0" occluded="0" keyframe="1" xtl="546.95" ytl="72.90" xbr="559.60" ybr="128.00" z_order="0">
    </box>
    <box frame="27" outside="0" occluded="0" keyframe="0" xtl="549.29" ytl="73.40" xbr="562.48" ybr="128.00" z_order="0">
    </box>
    <box frame="28" outside="0" occluded="0" keyframe="0" xtl="551.63" ytl="73.90" xbr="565.35" ybr="128.00" z_order="0">
    </box>
    <box frame="29" outside="0" occluded="0" keyframe="0" xtl="553.98" ytl="74.40" xbr="568.23" ybr="128.00" z_order="0">
    </box>
    <box frame="30" outside="0" occluded="0" keyframe="1" xtl="556.32" ytl="74.90" xbr="571.10" ybr="128.00" z_order="0">
    </box>
    <box frame="31" outside="0" occluded="0" keyframe="1" xtl="559.69" ytl="74.94" xbr="573.10" ybr="128.00" z_order="0">
    </box>
    <box frame="32" outside="0" occluded="0" keyframe="1" xtl="563.07" ytl="74.98" xbr="575.40" ybr="128.00" z_order="0">
    </box>
    <box frame="33" outside="0" occluded="0" keyframe="0" xtl="566.45" ytl="75.02" xbr="578.70" ybr="128.00" z_order="0">
    </box>
    <box frame="34" outside="0" occluded="0" keyframe="1" xtl="569.82" ytl="75.06" xbr="582.00" ybr="128.00" z_order="0">
    </box>
    <box frame="35" outside="0" occluded="0" keyframe="1" xtl="573.20" ytl="75.10" xbr="586.50" ybr="128.00" z_order="0">
    </box>
    <box frame="36" outside="0" occluded="0" keyframe="1" xtl="576.60" ytl="75.14" xbr="590.79" ybr="128.00" z_order="0">
    </box>
    <box frame="37" outside="0" occluded="0" keyframe="0" xtl="578.60" ytl="75.18" xbr="595.07" ybr="128.00" z_order="0">
    </box>
    <box frame="38" outside="0" occluded="0" keyframe="1" xtl="580.60" ytl="75.21" xbr="599.36" ybr="128.00" z_order="0">
    </box>
    <box frame="39" outside="0" occluded="0" keyframe="0" xtl="584.70" ytl="75.25" xbr="603.65" ybr="128.00" z_order="0">
    </box>
    <box frame="40" outside="0" occluded="0" keyframe="1" xtl="588.80" ytl="75.29" xbr="607.94" ybr="128.00" z_order="0">
    </box>
    <box frame="41" outside="0" occluded="0" keyframe="0" xtl="594.43" ytl="75.33" xbr="612.22" ybr="128.00" z_order="0">
    </box>
    <box frame="42" outside="0" occluded="0" keyframe="0" xtl="600.07" ytl="75.36" xbr="616.51" ybr="128.00" z_order="0">
    </box>
    <box frame="43" outside="0" occluded="0" keyframe="1" xtl="605.70" ytl="75.40" xbr="620.80" ybr="128.00" z_order="0">
    </box>
    <box frame="44" outside="0" occluded="0" keyframe="0" xtl="610.74" ytl="75.66" xbr="627.28" ybr="128.00" z_order="0">
    </box>
    <box frame="45" outside="0" occluded="0" keyframe="0" xtl="615.78" ytl="75.92" xbr="633.76" ybr="128.00" z_order="0">
    </box>
    <box frame="46" outside="0" occluded="0" keyframe="0" xtl="620.82" ytl="76.18" xbr="640.24" ybr="128.00" z_order="0">
    </box>
    <box frame="47" outside="0" occluded="0" keyframe="0" xtl="625.86" ytl="76.44" xbr="646.72" ybr="128.00" z_order="0">
    </box>
    <box frame="48" outside="0" occluded="0" keyframe="1" xtl="630.90" ytl="76.70" xbr="653.20" ybr="128.00" z_order="0">
    </box>
    <box frame="49" outside="0" occluded="0" keyframe="1" xtl="638.70" ytl="78.20" xbr="660.30" ybr="127.94" z_order="0">
    </box>
    <box frame="50" outside="0" occluded="0" keyframe="1" xtl="646.50" ytl="78.50" xbr="667.40" ybr="127.88" z_order="0">
    </box>
    <box frame="51" outside="0" occluded="0" keyframe="1" xtl="654.30" ytl="76.68" xbr="674.50" ybr="127.82" z_order="0">
    </box>
    <box frame="52" outside="0" occluded="0" keyframe="0" xtl="662.35" ytl="76.84" xbr="683.37" ybr="127.76" z_order="0">
    </box>
    <box frame="53" outside="0" occluded="0" keyframe="1" xtl="670.40" ytl="77.00" xbr="692.25" ybr="127.70" z_order="0">
    </box>
    <box frame="54" outside="0" occluded="0" keyframe="1" xtl="681.10" ytl="77.00" xbr="702.81" ybr="127.77" z_order="0">
    </box>
    <box frame="55" outside="0" occluded="0" keyframe="1" xtl="691.80" ytl="77.20" xbr="712.30" ybr="127.85" z_order="0">
    </box>
    <box frame="56" outside="0" occluded="0" keyframe="0" xtl="702.50" ytl="76.55" xbr="723.40" ybr="127.92" z_order="0">
    </box>
    <box frame="57" outside="0" occluded="0" keyframe="1" xtl="713.20" ytl="75.90" xbr="734.50" ybr="128.00" z_order="0">
    </box>
    <box frame="58" outside="0" occluded="0" keyframe="0" xtl="724.43" ytl="75.90" xbr="745.20" ybr="128.00" z_order="0">
    </box>
    <box frame="59" outside="0" occluded="0" keyframe="0" xtl="735.67" ytl="75.90" xbr="755.90" ybr="128.00" z_order="0">
    </box>
    <box frame="60" outside="0" occluded="0" keyframe="1" xtl="746.90" ytl="75.90" xbr="766.60" ybr="128.00" z_order="0">
    </box>
    <box frame="61" outside="0" occluded="0" keyframe="0" xtl="757.18" ytl="75.35" xbr="776.93" ybr="128.00" z_order="0">
    </box>
    <box frame="62" outside="0" occluded="0" keyframe="0" xtl="767.45" ytl="74.80" xbr="787.26" ybr="128.00" z_order="0">
    </box>
    <box frame="63" outside="0" occluded="0" keyframe="0" xtl="777.73" ytl="74.25" xbr="797.59" ybr="128.00" z_order="0">
    </box>
    <box frame="64" outside="0" occluded="0" keyframe="1" xtl="788.00" ytl="73.70" xbr="807.92" ybr="128.00" z_order="0">
    </box>
    <box frame="65" outside="0" occluded="0" keyframe="0" xtl="799.37" ytl="72.83" xbr="818.24" ybr="128.00" z_order="0">
    </box>
    <box frame="66" outside="0" occluded="0" keyframe="0" xtl="810.73" ytl="71.97" xbr="828.57" ybr="128.00" z_order="0">
    </box>
    <box frame="67" outside="0" occluded="0" keyframe="1" xtl="822.10" ytl="71.10" xbr="838.90" ybr="128.00" z_order="0">
    </box>
    <box frame="68" outside="0" occluded="0" keyframe="1" xtl="831.90" ytl="71.60" xbr="846.44" ybr="127.97" z_order="0">
    </box>
    <box frame="69" outside="0" occluded="0" keyframe="0" xtl="840.45" ytl="71.75" xbr="853.98" ybr="127.93" z_order="0">
    </box>
    <box frame="70" outside="0" occluded="0" keyframe="1" xtl="849.00" ytl="71.90" xbr="861.51" ybr="127.90" z_order="0">
    </box>
    <box frame="71" outside="0" occluded="0" keyframe="1" xtl="855.80" ytl="69.98" xbr="869.05" ybr="127.87" z_order="0">
    </box>
    <box frame="72" outside="0" occluded="0" keyframe="1" xtl="860.60" ytl="69.70" xbr="876.59" ybr="127.83" z_order="0">
    </box>
    <box frame="73" outside="0" occluded="0" keyframe="0" xtl="868.30" ytl="69.27" xbr="884.13" ybr="127.80" z_order="0">
    </box>
    <box frame="74" outside="0" occluded="0" keyframe="0" xtl="876.00" ytl="68.83" xbr="891.66" ybr="127.77" z_order="0">
    </box>
    <box frame="75" outside="0" occluded="0" keyframe="1" xtl="883.70" ytl="68.40" xbr="899.20" ybr="127.73" z_order="0">
    </box>
    <box frame="76" outside="0" occluded="0" keyframe="1" xtl="890.63" ytl="67.88" xbr="904.88" ybr="127.40" z_order="0">
    </box>
    <box frame="77" outside="0" occluded="0" keyframe="0" xtl="897.57" ytl="67.36" xbr="910.56" ybr="125.80" z_order="0">
    </box>
    <box frame="78" outside="0" occluded="0" keyframe="1" xtl="904.50" ytl="66.84" xbr="916.24" ybr="124.20" z_order="0">
    </box>
    <box frame="79" outside="0" occluded="0" keyframe="0" xtl="909.00" ytl="66.32" xbr="921.92" ybr="121.70" z_order="0">
    </box>
    <box frame="80" outside="0" occluded="0" keyframe="1" xtl="913.50" ytl="65.80" xbr="927.60" ybr="119.20" z_order="0">
    </box>
    <box frame="81" outside="0" occluded="0" keyframe="1" xtl="919.44" ytl="66.11" xbr="933.44" ybr="117.67" z_order="0">
    </box>
    <box frame="82" outside="0" occluded="0" keyframe="0" xtl="923.97" ytl="66.42" xbr="937.87" ybr="116.15" z_order="0">
    </box>
    <box frame="83" outside="0" occluded="0" keyframe="0" xtl="928.49" ytl="66.72" xbr="942.30" ybr="114.62" z_order="0">
    </box>
    <box frame="84" outside="0" occluded="0" keyframe="1" xtl="933.02" ytl="67.03" xbr="946.73" ybr="113.10" z_order="0">
    </box>
    <box frame="85" outside="0" occluded="0" keyframe="1" xtl="937.90" ytl="69.00" xbr="951.51" ybr="115.22" z_order="0">
    </box>
    <box frame="86" outside="0" occluded="0" keyframe="1" xtl="942.42" ytl="69.90" xbr="955.36" ybr="113.50" z_order="0">
    </box>
    <box frame="87" outside="0" occluded="0" keyframe="0" xtl="946.93" ytl="70.81" xbr="959.20" ybr="113.23" z_order="0">
    </box>
    <box frame="88" outside="0" occluded="0" keyframe="0" xtl="951.45" ytl="71.71" xbr="963.05" ybr="112.97" z_order="0">
    </box>
    <box frame="89" outside="0" occluded="0" keyframe="1" xtl="955.96" ytl="72.61" xbr="966.90" ybr="112.70" z_order="0">
    </box>
    <box frame="90" outside="0" occluded="0" keyframe="1" xtl="960.48" ytl="73.52" xbr="970.70" ybr="114.10" z_order="0">
    </box>
    <box frame="91" outside="0" occluded="0" keyframe="1" xtl="963.14" ytl="72.98" xbr="973.90" ybr="114.52" z_order="0">
    </box>
    <box frame="92" outside="1" occluded="0" keyframe="1" xtl="960.48" ytl="73.52" xbr="972.80" ybr="116.00" z_order="0">
    </box>
  </track>
  <track id="6" label="person" source="manual">
    <box frame="2" outside="0" occluded="0" keyframe="1" xtl="540.57" ytl="78.08" xbr="546.31" ybr="89.20" z_order="0">
    </box>
    <box frame="3" outside="0" occluded="0" keyframe="0" xtl="540.02" ytl="77.92" xbr="545.75" ybr="89.04" z_order="0">
    </box>
    <box frame="4" outside="0" occluded="0" keyframe="0" xtl="539.46" ytl="77.76" xbr="545.20" ybr="88.88" z_order="0">
    </box>
    <box frame="5" outside="0" occluded="0" keyframe="0" xtl="538.90" ytl="77.60" xbr="544.64" ybr="88.72" z_order="0">
    </box>
    <box frame="6" outside="0" occluded="0" keyframe="0" xtl="538.34" ytl="77.44" xbr="544.08" ybr="88.56" z_order="0">
    </box>
    <box frame="7" outside="0" occluded="0" keyframe="0" xtl="537.78" ytl="77.28" xbr="543.52" ybr="88.40" z_order="0">
    </box>
    <box frame="8" outside="0" occluded="0" keyframe="0" xtl="537.23" ytl="77.13" xbr="542.96" ybr="88.24" z_order="0">
    </box>
    <box frame="9" outside="0" occluded="0" keyframe="0" xtl="536.67" ytl="76.97" xbr="542.41" ybr="88.08" z_order="0">
    </box>
    <box frame="10" outside="0" occluded="0" keyframe="1" xtl="536.11" ytl="76.81" xbr="541.85" ybr="87.93" z_order="0">
    </box>
    <box frame="11" outside="0" occluded="0" keyframe="0" xtl="535.67" ytl="76.43" xbr="541.40" ybr="88.12" z_order="0">
    </box>
    <box frame="12" outside="0" occluded="0" keyframe="0" xtl="535.22" ytl="76.05" xbr="540.96" ybr="88.31" z_order="0">
    </box>
    <box frame="13" outside="0" occluded="0" keyframe="0" xtl="534.77" ytl="75.68" xbr="540.51" ybr="88.51" z_order="0">
    </box>
    <box frame="14" outside="0" occluded="0" keyframe="1" xtl="534.33" ytl="75.30" xbr="540.06" ybr="88.70" z_order="0">
    </box>
    <box frame="15" outside="0" occluded="0" keyframe="1" xtl="533.60" ytl="74.20" xbr="539.62" ybr="88.60" z_order="0">
    </box>
    <box frame="16" outside="0" occluded="1" keyframe="1" xtl="532.93" ytl="74.34" xbr="538.94" ybr="88.74" z_order="0">
    </box>
    <box frame="17" outside="0" occluded="1" keyframe="1" xtl="532.25" ytl="74.48" xbr="538.27" ybr="88.88" z_order="0">
    </box>
    <box frame="18" outside="0" occluded="1" keyframe="1" xtl="531.58" ytl="74.62" xbr="537.60" ybr="89.02" z_order="0">
    </box>
    <box frame="19" outside="0" occluded="1" keyframe="0" xtl="530.91" ytl="74.77" xbr="536.93" ybr="89.17" z_order="0">
    </box>
    <box frame="20" outside="0" occluded="0" keyframe="1" xtl="530.23" ytl="74.91" xbr="536.25" ybr="89.31" z_order="0">
    </box>
    <box frame="21" outside="0" occluded="0" keyframe="0" xtl="529.56" ytl="75.05" xbr="535.58" ybr="89.45" z_order="0">
    </box>
    <box frame="22" outside="0" occluded="0" keyframe="0" xtl="528.89" ytl="75.19" xbr="534.91" ybr="89.59" z_order="0">
    </box>
    <box frame="23" outside="0" occluded="0" keyframe="0" xtl="528.22" ytl="75.33" xbr="534.23" ybr="89.73" z_order="0">
    </box>
    <box frame="24" outside="0" occluded="0" keyframe="1" xtl="527.54" ytl="75.47" xbr="533.56" ybr="89.87" z_order="0">
    </box>
    <box frame="25" outside="0" occluded="0" keyframe="0" xtl="526.88" ytl="75.53" xbr="532.90" ybr="89.93" z_order="0">
    </box>
    <box frame="26" outside="0" occluded="0" keyframe="0" xtl="526.21" ytl="75.58" xbr="532.23" ybr="89.98" z_order="0">
    </box>
    <box frame="27" outside="0" occluded="0" keyframe="0" xtl="525.55" ytl="75.63" xbr="531.57" ybr="90.03" z_order="0">
    </box>
    <box frame="28" outside="0" occluded="0" keyframe="0" xtl="524.89" ytl="75.69" xbr="530.90" ybr="90.09" z_order="0">
    </box>
    <box frame="29" outside="0" occluded="0" keyframe="0" xtl="524.22" ytl="75.74" xbr="530.24" ybr="90.14" z_order="0">
    </box>
    <box frame="30" outside="0" occluded="0" keyframe="0" xtl="523.56" ytl="75.79" xbr="529.58" ybr="90.19" z_order="0">
    </box>
    <box frame="31" outside="0" occluded="0" keyframe="0" xtl="522.89" ytl="75.85" xbr="528.91" ybr="90.25" z_order="0">
    </box>
    <box frame="32" outside="0" occluded="0" keyframe="0" xtl="522.23" ytl="75.90" xbr="528.25" ybr="90.30" z_order="0">
    </box>
    <box frame="33" outside="0" occluded="0" keyframe="0" xtl="521.57" ytl="75.95" xbr="527.58" ybr="90.35" z_order="0">
    </box>
    <box frame="34" outside="0" occluded="0" keyframe="0" xtl="520.90" ytl="76.01" xbr="526.92" ybr="90.41" z_order="0">
    </box>
    <box frame="35" outside="0" occluded="0" keyframe="0" xtl="520.24" ytl="76.06" xbr="526.26" ybr="90.46" z_order="0">
    </box>
    <box frame="36" outside="0" occluded="0" keyframe="1" xtl="519.57" ytl="76.11" xbr="525.59" ybr="90.51" z_order="0">
    </box>
    <box frame="37" outside="0" occluded="0" keyframe="0" xtl="518.55" ytl="76.32" xbr="524.57" ybr="90.78" z_order="0">
    </box>
    <box frame="38" outside="0" occluded="0" keyframe="0" xtl="517.53" ytl="76.52" xbr="523.55" ybr="91.06" z_order="0">
    </box>
    <box frame="39" outside="0" occluded="0" keyframe="0" xtl="516.51" ytl="76.72" xbr="522.53" ybr="91.33" z_order="0">
    </box>
    <box frame="40" outside="0" occluded="0" keyframe="0" xtl="515.49" ytl="76.93" xbr="521.51" ybr="91.60" z_order="0">
    </box>
    <box frame="41" outside="0" occluded="0" keyframe="0" xtl="514.47" ytl="77.13" xbr="520.49" ybr="91.88" z_order="0">
    </box>
    <box frame="42" outside="0" occluded="0" keyframe="0" xtl="513.45" ytl="77.33" xbr="519.47" ybr="92.15" z_order="0">
    </box>
    <box frame="43" outside="0" occluded="0" keyframe="0" xtl="512.43" ytl="77.54" xbr="518.45" ybr="92.42" z_order="0">
    </box>
    <box frame="44" outside="0" occluded="0" keyframe="1" xtl="511.41" ytl="77.74" xbr="517.43" ybr="92.70" z_order="0">
    </box>
    <box frame="45" outside="0" occluded="0" keyframe="0" xtl="509.98" ytl="77.94" xbr="515.99" ybr="92.97" z_order="0">
    </box>
    <box frame="46" outside="0" occluded="0" keyframe="0" xtl="508.54" ytl="78.15" xbr="514.56" ybr="93.24" z_order="0">
    </box>
    <box frame="47" outside="0" occluded="0" keyframe="0" xtl="507.10" ytl="78.35" xbr="513.12" ybr="93.52" z_order="0">
    </box>
    <box frame="48" outside="0" occluded="0" keyframe="0" xtl="505.67" ytl="78.56" xbr="511.69" ybr="93.79" z_order="0">
    </box>
    <box frame="49" outside="0" occluded="0" keyframe="1" xtl="504.23" ytl="78.76" xbr="510.25" ybr="94.06" z_order="0">
    </box>
    <box frame="50" outside="0" occluded="0" keyframe="0" xtl="502.53" ytl="78.86" xbr="508.55" ybr="94.23" z_order="0">
    </box>
    <box frame="51" outside="0" occluded="0" keyframe="0" xtl="500.83" ytl="78.96" xbr="506.85" ybr="94.40" z_order="0">
    </box>
    <box frame="52" outside="0" occluded="0" keyframe="0" xtl="499.13" ytl="79.06" xbr="505.15" ybr="94.57" z_order="0">
    </box>
    <box frame="53" outside="0" occluded="0" keyframe="1" xtl="497.43" ytl="79.16" xbr="503.45" ybr="94.74" z_order="0">
    </box>
    <box frame="54" outside="0" occluded="0" keyframe="0" xtl="495.38" ytl="79.34" xbr="501.40" ybr="94.99" z_order="0">
    </box>
    <box frame="55" outside="0" occluded="0" keyframe="0" xtl="493.33" ytl="79.52" xbr="499.34" ybr="95.24" z_order="0">
    </box>
    <box frame="56" outside="0" occluded="0" keyframe="1" xtl="491.27" ytl="79.70" xbr="497.29" ybr="95.49" z_order="0">
    </box>
    <box frame="57" outside="0" occluded="0" keyframe="0" xtl="489.13" ytl="80.00" xbr="495.14" ybr="95.86" z_order="0">
    </box>
    <box frame="58" outside="0" occluded="0" keyframe="0" xtl="486.98" ytl="80.30" xbr="492.99" ybr="96.23" z_order="0">
    </box>
    <box frame="59" outside="0" occluded="0" keyframe="1" xtl="484.83" ytl="80.60" xbr="490.85" ybr="96.60" z_order="0">
    </box>
    <box frame="60" outside="0" occluded="0" keyframe="0" xtl="483.10" ytl="80.69" xbr="489.12" ybr="96.69" z_order="0">
    </box>
    <box frame="61" outside="0" occluded="0" keyframe="0" xtl="481.37" ytl="80.78" xbr="487.39" ybr="96.78" z_order="0">
    </box>
    <box frame="62" outside="0" occluded="0" keyframe="0" xtl="479.64" ytl="80.87" xbr="485.65" ybr="96.87" z_order="0">
    </box>
    <box frame="63" outside="0" occluded="0" keyframe="0" xtl="477.91" ytl="80.96" xbr="483.92" ybr="96.96" z_order="0">
    </box>
    <box frame="64" outside="0" occluded="0" keyframe="0" xtl="476.18" ytl="81.05" xbr="482.19" ybr="97.05" z_order="0">
    </box>
    <box frame="65" outside="0" occluded="0" keyframe="0" xtl="474.45" ytl="81.15" xbr="480.46" ybr="97.15" z_order="0">
    </box>
    <box frame="66" outside="0" occluded="0" keyframe="1" xtl="472.72" ytl="81.24" xbr="478.73" ybr="97.24" z_order="0">
    </box>
    <box frame="67" outside="0" occluded="0" keyframe="0" xtl="471.78" ytl="80.05" xbr="477.79" ybr="96.36" z_order="0">
    </box>
    <box frame="68" outside="0" occluded="0" keyframe="0" xtl="470.83" ytl="78.87" xbr="476.85" ybr="95.49" z_order="0">
    </box>
    <box frame="69" outside="0" occluded="0" keyframe="1" xtl="469.89" ytl="77.68" xbr="475.91" ybr="94.62" z_order="0">
    </box>
    <box frame="70" outside="0" occluded="0" keyframe="0" xtl="469.32" ytl="77.61" xbr="475.34" ybr="94.87" z_order="0">
    </box>
    <box frame="71" outside="0" occluded="0" keyframe="0" xtl="468.75" ytl="77.54" xbr="474.77" ybr="95.11" z_order="0">
    </box>
    <box frame="72" outside="0" occluded="0" keyframe="0" xtl="468.19" ytl="77.47" xbr="474.20" ybr="95.36" z_order="0">
    </box>
    <box frame="73" outside="0" occluded="0" keyframe="1" xtl="467.62" ytl="77.40" xbr="473.63" ybr="95.60" z_order="0">
    </box>
    <box frame="74" outside="0" occluded="0" keyframe="0" xtl="468.21" ytl="77.45" xbr="474.26" ybr="95.70" z_order="0">
    </box>
    <box frame="75" outside="0" occluded="0" keyframe="0" xtl="468.80" ytl="77.51" xbr="474.89" ybr="95.81" z_order="0">
    </box>
    <box frame="76" outside="0" occluded="0" keyframe="0" xtl="469.39" ytl="77.56" xbr="475.51" ybr="95.91" z_order="0">
    </box>
    <box frame="77" outside="0" occluded="0" keyframe="0" xtl="469.98" ytl="77.61" xbr="476.14" ybr="96.01" z_order="0">
    </box>
    <box frame="78" outside="0" occluded="0" keyframe="0" xtl="470.56" ytl="77.67" xbr="476.76" ybr="96.12" z_order="0">
    </box>
    <box frame="79" outside="0" occluded="0" keyframe="0" xtl="471.15" ytl="77.72" xbr="477.39" ybr="96.22" z_order="0">
    </box>
    <box frame="80" outside="0" occluded="0" keyframe="0" xtl="471.74" ytl="77.77" xbr="478.02" ybr="96.32" z_order="0">
    </box>
    <box frame="81" outside="0" occluded="0" keyframe="1" xtl="472.33" ytl="77.83" xbr="478.64" ybr="96.43" z_order="0">
    </box>
    <box frame="82" outside="0" occluded="0" keyframe="0" xtl="473.65" ytl="77.46" xbr="479.99" ybr="96.11" z_order="0">
    </box>
    <box frame="83" outside="0" occluded="0" keyframe="0" xtl="474.96" ytl="77.10" xbr="481.35" ybr="95.80" z_order="0">
    </box>
    <box frame="84" outside="0" occluded="0" keyframe="0" xtl="476.28" ytl="76.74" xbr="482.70" ybr="95.49" z_order="0">
    </box>
    <box frame="85" outside="0" occluded="0" keyframe="0" xtl="477.59" ytl="76.38" xbr="484.05" ybr="95.18" z_order="0">
    </box>
    <box frame="86" outside="0" occluded="0" keyframe="1" xtl="478.91" ytl="76.02" xbr="485.40" ybr="94.87" z_order="0">
    </box>
    <box frame="87" outside="0" occluded="0" keyframe="0" xtl="480.51" ytl="75.08" xbr="487.03" ybr="93.98" z_order="0">
    </box>
    <box frame="88" outside="0" occluded="0" keyframe="0" xtl="482.10" ytl="74.14" xbr="488.67" ybr="93.09" z_order="0">
    </box>
    <box frame="89" outside="0" occluded="0" keyframe="0" xtl="483.70" ytl="73.20" xbr="490.30" ybr="92.20" z_order="0">
    </box>
    <box frame="90" outside="0" occluded="0" keyframe="1" xtl="485.30" ytl="72.26" xbr="491.94" ybr="91.31" z_order="0">
    </box>
    <box frame="91" outside="0" occluded="0" keyframe="0" xtl="485.75" ytl="72.12" xbr="492.42" ybr="91.22" z_order="0">
    </box>
    <box frame="92" outside="0" occluded="0" keyframe="0" xtl="486.19" ytl="71.98" xbr="492.90" ybr="91.13" z_order="0">
    </box>
    <box frame="93" outside="0" occluded="0" keyframe="0" xtl="486.63" ytl="71.84" xbr="493.38" ybr="91.04" z_order="0">
    </box>
    <box frame="94" outside="0" occluded="0" keyframe="0" xtl="487.08" ytl="71.70" xbr="493.86" ybr="90.95" z_order="0">
    </box>
    <box frame="95" outside="0" occluded="0" keyframe="0" xtl="487.52" ytl="71.56" xbr="494.34" ybr="90.86" z_order="0">
    </box>
    <box frame="96" outside="0" occluded="0" keyframe="0" xtl="487.97" ytl="71.42" xbr="494.82" ybr="90.77" z_order="0">
    </box>
    <box frame="97" outside="0" occluded="0" keyframe="0" xtl="488.41" ytl="71.28" xbr="495.30" ybr="90.68" z_order="0">
    </box>
    <box frame="98" outside="0" occluded="0" keyframe="0" xtl="488.86" ytl="71.14" xbr="495.79" ybr="90.59" z_order="0">
    </box>
    <box frame="99" outside="0" occluded="0" keyframe="1" xtl="489.30" ytl="71.00" xbr="496.27" ybr="90.50" z_order="0">
    </box>
  </track>
  <track id="7" label="person" source="manual">
    <box frame="0" outside="0" occluded="0" keyframe="1" xtl="148.90" ytl="87.30" xbr="152.41" ybr="101.90" z_order="0">
    </box>
    <box frame="1" outside="0" occluded="0" keyframe="0" xtl="148.32" ytl="87.26" xbr="151.83" ybr="101.86" z_order="0">
    </box>
    <box frame="2" outside="0" occluded="0" keyframe="0" xtl="147.75" ytl="87.21" xbr="151.26" ybr="101.81" z_order="0">
    </box>
    <box frame="3" outside="0" occluded="0" keyframe="0" xtl="147.17" ytl="87.17" xbr="150.68" ybr="101.77" z_order="0">
    </box>
    <box frame="4" outside="0" occluded="0" keyframe="0" xtl="146.60" ytl="87.12" xbr="150.11" ybr="101.72" z_order="0">
    </box>
    <box frame="5" outside="0" occluded="0" keyframe="1" xtl="146.02" ytl="87.08" xbr="149.53" ybr="101.68" z_order="0">
    </box>
    <box frame="6" outside="0" occluded="0" keyframe="0" xtl="145.40" ytl="87.03" xbr="148.91" ybr="101.64" z_order="0">
    </box>
    <box frame="7" outside="0" occluded="0" keyframe="0" xtl="144.78" ytl="86.99" xbr="148.29" ybr="101.59" z_order="0">
    </box>
    <box frame="8" outside="0" occluded="0" keyframe="0" xtl="144.16" ytl="86.95" xbr="147.67" ybr="101.55" z_order="0">
    </box>
    <box frame="9" outside="0" occluded="0" keyframe="0" xtl="143.54" ytl="86.90" xbr="147.05" ybr="101.50" z_order="0">
    </box>
    <box frame="10" outside="0" occluded="0" keyframe="1" xtl="142.92" ytl="86.86" xbr="146.43" ybr="101.46" z_order="0">
    </box>
    <box frame="11" outside="0" occluded="0" keyframe="0" xtl="142.26" ytl="86.86" xbr="145.77" ybr="101.46" z_order="0">
    </box>
    <box frame="12" outside="0" occluded="0" keyframe="0" xtl="141.60" ytl="86.86" xbr="145.10" ybr="101.46" z_order="0">
    </box>
    <box frame="13" outside="0" occluded="0" keyframe="0" xtl="140.93" ytl="86.86" xbr="144.44" ybr="101.46" z_order="0">
    </box>
    <box frame="14" outside="0" occluded="0" keyframe="0" xtl="140.27" ytl="86.86" xbr="143.78" ybr="101.46" z_order="0">
    </box>
    <box frame="15" outside="0" occluded="0" keyframe="1" xtl="139.60" ytl="86.86" xbr="143.11" ybr="101.46" z_order="0">
    </box>
    <box frame="16" outside="0" occluded="0" keyframe="0" xtl="138.94" ytl="86.95" xbr="142.61" ybr="101.55" z_order="0">
    </box>
    <box frame="17" outside="0" occluded="0" keyframe="0" xtl="138.28" ytl="87.03" xbr="142.11" ybr="101.64" z_order="0">
    </box>
    <box frame="18" outside="0" occluded="0" keyframe="0" xtl="137.61" ytl="87.12" xbr="141.60" ybr="101.72" z_order="0">
    </box>
    <box frame="19" outside="0" occluded="0" keyframe="1" xtl="136.95" ytl="87.21" xbr="141.10" ybr="101.81" z_order="0">
    </box>
    <box frame="20" outside="0" occluded="0" keyframe="1" xtl="136.28" ytl="87.30" xbr="142.70" ybr="101.90" z_order="0">
    </box>
    <box frame="21" outside="0" occluded="0" keyframe="0" xtl="135.38" ytl="87.68" xbr="141.60" ybr="101.90" z_order="0">
    </box>
    <box frame="22" outside="0" occluded="0" keyframe="0" xtl="134.47" ytl="88.05" xbr="140.50" ybr="101.90" z_order="0">
    </box>
    <box frame="23" outside="0" occluded="0" keyframe="0" xtl="133.56" ytl="88.43" xbr="139.40" ybr="101.90" z_order="0">
    </box>
    <box frame="24" outside="0" occluded="0" keyframe="1" xtl="132.65" ytl="88.80" xbr="138.30" ybr="101.90" z_order="0">
    </box>
    <box frame="25" outside="0" occluded="0" keyframe="0" xtl="131.74" ytl="88.63" xbr="137.13" ybr="101.54" z_order="0">
    </box>
    <box frame="26" outside="0" occluded="0" keyframe="0" xtl="130.84" ytl="88.47" xbr="135.97" ybr="101.18" z_order="0">
    </box>
    <box frame="27" outside="0" occluded="0" keyframe="1" xtl="129.93" ytl="88.30" xbr="134.80" ybr="100.82" z_order="0">
    </box>
    <box frame="28" outside="0" occluded="0" keyframe="0" xtl="129.02" ytl="87.67" xbr="133.67" ybr="100.66" z_order="0">
    </box>
    <box frame="29" outside="0" occluded="0" keyframe="0" xtl="128.11" ytl="87.03" xbr="132.53" ybr="100.51" z_order="0">
    </box>
    <box frame="30" outside="0" occluded="0" keyframe="1" xtl="127.21" ytl="86.40" xbr="131.40" ybr="100.35" z_order="0">
    </box>
    <box frame="31" outside="0" occluded="0" keyframe="1" xtl="126.00" ytl="86.22" xbr="130.60" ybr="100.16" z_order="0">
    </box>
    <box frame="32" outside="0" occluded="0" keyframe="0" xtl="124.76" ytl="86.05" xbr="129.31" ybr="99.96" z_order="0">
    </box>
    <box frame="33" outside="0" occluded="0" keyframe="0" xtl="123.51" ytl="85.87" xbr="128.02" ybr="99.77" z_order="0">
    </box>
    <box frame="34" outside="0" occluded="0" keyframe="0" xtl="122.27" ytl="85.69" xbr="126.73" ybr="99.57" z_order="0">
    </box>
    <box frame="35" outside="0" occluded="0" keyframe="0" xtl="121.03" ytl="85.51" xbr="125.45" ybr="99.38" z_order="0">
    </box>
    <box frame="36" outside="0" occluded="0" keyframe="0" xtl="119.78" ytl="85.34" xbr="124.16" ybr="99.18" z_order="0">
    </box>
    <box frame="37" outside="0" occluded="0" keyframe="0" xtl="118.54" ytl="85.16" xbr="122.87" ybr="98.99" z_order="0">
    </box>
    <box frame="38" outside="0" occluded="0" keyframe="0" xtl="117.30" ytl="84.98" xbr="121.58" ybr="98.79" z_order="0">
    </box>
    <box frame="39" outside="0" occluded="0" keyframe="0" xtl="116.05" ytl="84.81" xbr="120.29" ybr="98.60" z_order="0">
    </box>
    <box frame="40" outside="0" occluded="0" keyframe="1" xtl="114.81" ytl="84.63" xbr="119.00" ybr="98.40" z_order="0">
    </box>
    <box frame="41" outside="0" occluded="0" keyframe="0" xtl="113.06" ytl="84.36" xbr="117.25" ybr="98.13" z_order="0">
    </box>
    <box frame="42" outside="0" occluded="0" keyframe="0" xtl="111.31" ytl="84.10" xbr="115.51" ybr="97.87" z_order="0">
    </box>
    <box frame="43" outside="0" occluded="0" keyframe="0" xtl="109.56" ytl="83.83" xbr="113.76" ybr="97.60" z_order="0">
    </box>
    <box frame="44" outside="0" occluded="0" keyframe="0" xtl="107.82" ytl="83.57" xbr="112.01" ybr="97.34" z_order="0">
    </box>
    <box frame="45" outside="0" occluded="0" keyframe="0" xtl="106.07" ytl="83.30" xbr="110.26" ybr="97.07" z_order="0">
    </box>
    <box frame="46" outside="0" occluded="0" keyframe="0" xtl="104.32" ytl="83.04" xbr="108.51" ybr="96.81" z_order="0">
    </box>
    <box frame="47" outside="0" occluded="0" keyframe="0" xtl="102.57" ytl="82.77" xbr="106.76" ybr="96.54" z_order="0">
    </box>
    <box frame="48" outside="0" occluded="0" keyframe="0" xtl="100.82" ytl="82.50" xbr="105.01" ybr="96.28" z_order="0">
    </box>
    <box frame="49" outside="0" occluded="0" keyframe="0" xtl="99.07" ytl="82.24" xbr="103.26" ybr="96.01" z_order="0">
    </box>
    <box frame="50" outside="0" occluded="0" keyframe="1" xtl="97.32" ytl="81.97" xbr="101.52" ybr="95.74" z_order="0">
    </box>
    <box frame="51" outside="0" occluded="0" keyframe="0" xtl="95.31" ytl="81.60" xbr="99.50" ybr="95.21" z_order="0">
    </box>
    <box frame="52" outside="0" occluded="0" keyframe="0" xtl="93.29" ytl="81.22" xbr="97.49" ybr="94.68" z_order="0">
    </box>
    <box frame="53" outside="0" occluded="0" keyframe="0" xtl="91.28" ytl="80.84" xbr="95.47" ybr="94.14" z_order="0">
    </box>
    <box frame="54" outside="0" occluded="0" keyframe="0" xtl="89.26" ytl="80.47" xbr="93.46" ybr="93.61" z_order="0">
    </box>
    <box frame="55" outside="0" occluded="0" keyframe="0" xtl="87.25" ytl="80.09" xbr="91.44" ybr="93.07" z_order="0">
    </box>
    <box frame="56" outside="0" occluded="0" keyframe="0" xtl="85.24" ytl="79.72" xbr="89.43" ybr="92.54" z_order="0">
    </box>
    <box frame="57" outside="0" occluded="0" keyframe="0" xtl="83.22" ytl="79.34" xbr="87.41" ybr="92.00" z_order="0">
    </box>
    <box frame="58" outside="0" occluded="0" keyframe="0" xtl="81.21" ytl="78.96" xbr="85.40" ybr="91.47" z_order="0">
    </box>
    <box frame="59" outside="0" occluded="0" keyframe="0" xtl="79.19" ytl="78.59" xbr="83.39" ybr="90.93" z_order="0">
    </box>
    <box frame="60" outside="0" occluded="0" keyframe="1" xtl="77.18" ytl="78.21" xbr="81.37" ybr="90.40" z_order="0">
    </box>
    <box frame="61" outside="0" occluded="0" keyframe="0" xtl="75.54" ytl="77.96" xbr="79.73" ybr="90.04" z_order="0">
    </box>
    <box frame="62" outside="0" occluded="0" keyframe="0" xtl="73.90" ytl="77.71" xbr="78.09" ybr="89.69" z_order="0">
    </box>
    <box frame="63" outside="0" occluded="0" keyframe="1" xtl="72.25" ytl="77.46" xbr="76.45" ybr="89.33" z_order="0">
    </box>
    <box frame="64" outside="0" occluded="0" keyframe="0" xtl="71.00" ytl="77.99" xbr="75.19" ybr="89.74" z_order="0">
    </box>
    <box frame="65" outside="0" occluded="0" keyframe="0" xtl="69.75" ytl="78.51" xbr="73.94" ybr="90.16" z_order="0">
    </box>
    <box frame="66" outside="0" occluded="0" keyframe="0" xtl="68.49" ytl="79.04" xbr="72.69" ybr="90.58" z_order="0">
    </box>
    <box frame="67" outside="0" occluded="0" keyframe="1" xtl="67.24" ytl="79.56" xbr="71.43" ybr="91.00" z_order="0">
    </box>
    <box frame="68" outside="0" occluded="0" keyframe="0" xtl="66.35" ytl="80.07" xbr="70.54" ybr="91.40" z_order="0">
    </box>
    <box frame="69" outside="0" occluded="0" keyframe="0" xtl="65.45" ytl="80.58" xbr="69.65" ybr="91.80" z_order="0">
    </box>
    <box frame="70" outside="0" occluded="0" keyframe="1" xtl="64.56" ytl="81.09" xbr="68.75" ybr="92.20" z_order="0">
    </box>
    <box frame="71" outside="0" occluded="0" keyframe="0" xtl="64.87" ytl="81.09" xbr="69.14" ybr="92.02" z_order="0">
    </box>
    <box frame="72" outside="0" occluded="0" keyframe="0" xtl="65.18" ytl="81.09" xbr="69.53" ybr="91.84" z_order="0">
    </box>
    <box frame="73" outside="0" occluded="0" keyframe="0" xtl="65.48" ytl="81.09" xbr="69.92" ybr="91.66" z_order="0">
    </box>
    <box frame="74" outside="0" occluded="0" keyframe="0" xtl="65.79" ytl="81.09" xbr="70.31" ybr="91.48" z_order="0">
    </box>
    <box frame="75" outside="0" occluded="0" keyframe="1" xtl="66.10" ytl="81.09" xbr="70.70" ybr="91.30" z_order="0">
    </box>
    <box frame="76" outside="0" occluded="0" keyframe="0" xtl="67.25" ytl="81.40" xbr="71.77" ybr="91.22" z_order="0">
    </box>
    <box frame="77" outside="0" occluded="0" keyframe="0" xtl="68.40" ytl="81.71" xbr="72.84" ybr="91.14" z_order="0">
    </box>
    <box frame="78" outside="0" occluded="0" keyframe="0" xtl="69.55" ytl="82.02" xbr="73.91" ybr="91.06" z_order="0">
    </box>
    <box frame="79" outside="0" occluded="0" keyframe="0" xtl="70.70" ytl="82.33" xbr="74.98" ybr="90.98" z_order="0">
    </box>
    <box frame="80" outside="0" occluded="0" keyframe="1" xtl="71.86" ytl="82.64" xbr="76.06" ybr="90.90" z_order="0">
    </box>
    <box frame="81" outside="0" occluded="0" keyframe="0" xtl="71.86" ytl="82.64" xbr="76.06" ybr="90.90" z_order="0">
    </box>
    <box frame="82" outside="0" occluded="0" keyframe="0" xtl="71.86" ytl="82.64" xbr="76.06" ybr="90.90" z_order="0">
    </box>
    <box frame="83" outside="0" occluded="0" keyframe="0" xtl="71.86" ytl="82.64" xbr="76.06" ybr="90.90" z_order="0">
    </box>
    <box frame="84" outside="0" occluded="0" keyframe="0" xtl="71.86" ytl="82.64" xbr="76.06" ybr="90.90" z_order="0">
    </box>
    <box frame="85" outside="0" occluded="0" keyframe="0" xtl="71.86" ytl="82.64" xbr="76.06" ybr="90.90" z_order="0">
    </box>
    <box frame="86" outside="0" occluded="0" keyframe="0" xtl="71.86" ytl="82.64" xbr="76.06" ybr="90.90" z_order="0">
    </box>
    <box frame="87" outside="0" occluded="0" keyframe="0" xtl="71.86" ytl="82.64" xbr="76.06" ybr="90.90" z_order="0">
    </box>
    <box frame="88" outside="0" occluded="0" keyframe="0" xtl="71.86" ytl="82.64" xbr="76.06" ybr="90.90" z_order="0">
    </box>
    <box frame="89" outside="0" occluded="0" keyframe="0" xtl="71.86" ytl="82.64" xbr="76.06" ybr="90.90" z_order="0">
    </box>
    <box frame="90" outside="0" occluded="0" keyframe="0" xtl="71.86" ytl="82.64" xbr="76.06" ybr="90.90" z_order="0">
    </box>
    <box frame="91" outside="0" occluded="0" keyframe="0" xtl="71.86" ytl="82.64" xbr="76.06" ybr="90.90" z_order="0">
    </box>
    <box frame="92" outside="0" occluded="0" keyframe="0" xtl="71.86" ytl="82.64" xbr="76.06" ybr="90.90" z_order="0">
    </box>
    <box frame="93" outside="0" occluded="0" keyframe="0" xtl="71.86" ytl="82.64" xbr="76.06" ybr="90.90" z_order="0">
    </box>
    <box frame="94" outside="0" occluded="0" keyframe="0" xtl="71.86" ytl="82.64" xbr="76.06" ybr="90.90" z_order="0">
    </box>
    <box frame="95" outside="0" occluded="0" keyframe="0" xtl="71.86" ytl="82.64" xbr="76.06" ybr="90.90" z_order="0">
    </box>
    <box frame="96" outside="0" occluded="0" keyframe="0" xtl="71.86" ytl="82.64" xbr="76.06" ybr="90.90" z_order="0">
    </box>
    <box frame="97" outside="0" occluded="0" keyframe="0" xtl="71.86" ytl="82.64" xbr="76.06" ybr="90.90" z_order="0">
    </box>
    <box frame="98" outside="0" occluded="0" keyframe="0" xtl="71.86" ytl="82.64" xbr="76.06" ybr="90.90" z_order="0">
    </box>
    <box frame="99" outside="0" occluded="0" keyframe="0" xtl="71.86" ytl="82.64" xbr="76.06" ybr="90.90" z_order="0">
    </box>
  </track>
  <track id="8" label="person" source="manual">
    <box frame="0" outside="0" occluded="0" keyframe="1" xtl="152.41" ytl="87.90" xbr="156.17" ybr="102.07" z_order="0">
    </box>
    <box frame="1" outside="0" occluded="0" keyframe="0" xtl="151.72" ytl="87.81" xbr="155.49" ybr="101.98" z_order="0">
    </box>
    <box frame="2" outside="0" occluded="0" keyframe="0" xtl="151.04" ytl="87.73" xbr="154.80" ybr="101.89" z_order="0">
    </box>
    <box frame="3" outside="0" occluded="0" keyframe="0" xtl="150.35" ytl="87.64" xbr="154.11" ybr="101.80" z_order="0">
    </box>
    <box frame="4" outside="0" occluded="0" keyframe="0" xtl="149.66" ytl="87.55" xbr="153.43" ybr="101.72" z_order="0">
    </box>
    <box frame="5" outside="0" occluded="0" keyframe="0" xtl="148.98" ytl="87.46" xbr="152.74" ybr="101.63" z_order="0">
    </box>
    <box frame="6" outside="0" occluded="0" keyframe="0" xtl="148.29" ytl="87.37" xbr="152.05" ybr="101.54" z_order="0">
    </box>
    <box frame="7" outside="0" occluded="0" keyframe="0" xtl="147.61" ytl="87.28" xbr="151.37" ybr="101.45" z_order="0">
    </box>
    <box frame="8" outside="0" occluded="0" keyframe="0" xtl="146.92" ytl="87.19" xbr="150.68" ybr="101.36" z_order="0">
    </box>
    <box frame="9" outside="0" occluded="0" keyframe="0" xtl="146.23" ytl="87.11" xbr="150.00" ybr="101.27" z_order="0">
    </box>
    <box frame="10" outside="0" occluded="0" keyframe="1" xtl="145.55" ytl="87.02" xbr="149.31" ybr="101.18" z_order="0">
    </box>
    <box frame="11" outside="0" occluded="0" keyframe="0" xtl="145.06" ytl="87.02" xbr="148.82" ybr="101.18" z_order="0">
    </box>
    <box frame="12" outside="0" occluded="0" keyframe="0" xtl="144.56" ytl="87.02" xbr="148.33" ybr="101.18" z_order="0">
    </box>
    <box frame="13" outside="0" occluded="0" keyframe="0" xtl="144.07" ytl="87.02" xbr="147.83" ybr="101.18" z_order="0">
    </box>
    <box frame="14" outside="0" occluded="0" keyframe="0" xtl="143.58" ytl="87.02" xbr="147.34" ybr="101.19" z_order="0">
    </box>
    <box frame="15" outside="0" occluded="0" keyframe="0" xtl="143.09" ytl="87.02" xbr="146.85" ybr="101.19" z_order="0">
    </box>
    <box frame="16" outside="0" occluded="0" keyframe="0" xtl="142.60" ytl="87.02" xbr="146.36" ybr="101.19" z_order="0">
    </box>
    <box frame="17" outside="0" occluded="0" keyframe="0" xtl="142.10" ytl="87.02" xbr="145.87" ybr="101.19" z_order="0">
    </box>
    <box frame="18" outside="0" occluded="0" keyframe="0" xtl="141.61" ytl="87.02" xbr="145.37" ybr="101.19" z_order="0">
    </box>
    <box frame="19" outside="0" occluded="0" keyframe="1" xtl="141.12" ytl="87.02" xbr="144.88" ybr="101.19" z_order="0">
    </box>
    <box frame="20" outside="1" occluded="0" keyframe="1" xtl="141.12" ytl="87.02" xbr="144.88" ybr="101.19" z_order="0">
    </box>
  </track>
</annotations>
