<?xml version="1.0" encoding="utf-8"?>
<annotations>
  <version>1.1</version>
  <meta>
    <task>
      <id>26</id>
      <name>TDT17_trip007-glos_short-videos_intensity_17</name>
      <size>100</size>
      <mode>interpolation</mode>
      <overlap>5</overlap>
      <bugtracker></bugtracker>
      <created>2021-10-26 18:22:10.293934+00:00</created>
      <updated>2021-11-03 09:02:56.183293+00:00</updated>
      <subset>default</subset>
      <start_frame>0</start_frame>
      <stop_frame>99</stop_frame>
      <frame_filter></frame_filter>
      <segments>
        <segment>
          <id>23</id>
          <start>0</start>
          <stop>99</stop>
          <url>http://cvat.idi.ntnu.no/?id=23</url>
        </segment>
      </segments>
      <owner>
        <username>frankl</username>
        <email>frankl@ntnu.no</email>
      </owner>
      <assignee></assignee>
      <labels>
        <label>
          <name>car</name>
          <color>#2080c0</color>
          <attributes>
          </attributes>
        </label>
        <label>
          <name>truck</name>
          <color>#906080</color>
          <attributes>
          </attributes>
        </label>
        <label>
          <name>bus</name>
          <color>#204080</color>
          <attributes>
          </attributes>
        </label>
        <label>
          <name>motorcycle</name>
          <color>#80a0a0</color>
          <attributes>
          </attributes>
        </label>
        <label>
          <name>bicycle</name>
          <color>#004040</color>
          <attributes>
          </attributes>
        </label>
        <label>
          <name>scooter</name>
          <color>#4c21f5</color>
          <attributes>
          </attributes>
        </label>
        <label>
          <name>person</name>
          <color>#c06060</color>
          <attributes>
          </attributes>
        </label>
        <label>
          <name>rider</name>
          <color>#20e060</color>
          <attributes>
          </attributes>
        </label>
      </labels>
      <original_size>
        <width>1024</width>
        <height>128</height>
      </original_size>
    </task>
    <dumped>2021-11-09 22:03:53.510105+00:00</dumped>
    <source>Video00017_intensity.avi</source>
  </meta>
  <track id="0" label="car" source="manual">
    <box frame="5" outside="0" occluded="0" keyframe="1" xtl="681.43" ytl="69.20" xbr="697.10" ybr="86.23" z_order="0">
    </box>
    <box frame="6" outside="0" occluded="0" keyframe="0" xtl="680.19" ytl="69.45" xbr="695.86" ybr="85.82" z_order="0">
    </box>
    <box frame="7" outside="0" occluded="0" keyframe="1" xtl="678.95" ytl="69.70" xbr="694.62" ybr="85.40" z_order="0">
    </box>
    <box frame="8" outside="0" occluded="0" keyframe="1" xtl="677.71" ytl="66.81" xbr="692.80" ybr="82.80" z_order="0">
    </box>
    <box frame="9" outside="0" occluded="0" keyframe="1" xtl="675.45" ytl="63.30" xbr="691.38" ybr="80.20" z_order="0">
    </box>
    <box frame="10" outside="0" occluded="0" keyframe="1" xtl="673.18" ytl="60.20" xbr="689.39" ybr="78.90" z_order="0">
    </box>
    <box frame="11" outside="0" occluded="0" keyframe="0" xtl="670.92" ytl="60.70" xbr="687.39" ybr="78.84" z_order="0">
    </box>
    <box frame="12" outside="0" occluded="0" keyframe="1" xtl="668.66" ytl="61.20" xbr="685.40" ybr="78.78" z_order="0">
    </box>
    <box frame="13" outside="0" occluded="0" keyframe="0" xtl="664.83" ytl="62.06" xbr="681.84" ybr="80.11" z_order="0">
    </box>
    <box frame="14" outside="0" occluded="0" keyframe="0" xtl="661.00" ytl="62.92" xbr="678.28" ybr="81.43" z_order="0">
    </box>
    <box frame="15" outside="0" occluded="0" keyframe="0" xtl="657.17" ytl="63.78" xbr="674.72" ybr="82.75" z_order="0">
    </box>
    <box frame="16" outside="0" occluded="0" keyframe="0" xtl="653.34" ytl="64.64" xbr="671.16" ybr="84.08" z_order="0">
    </box>
    <box frame="17" outside="0" occluded="0" keyframe="1" xtl="649.50" ytl="65.50" xbr="667.60" ybr="85.40" z_order="0">
    </box>
    <box frame="18" outside="0" occluded="0" keyframe="0" xtl="644.08" ytl="65.92" xbr="662.86" ybr="86.89" z_order="0">
    </box>
    <box frame="19" outside="0" occluded="0" keyframe="0" xtl="638.65" ytl="66.34" xbr="658.12" ybr="88.38" z_order="0">
    </box>
    <box frame="20" outside="0" occluded="0" keyframe="0" xtl="633.22" ytl="66.76" xbr="653.38" ybr="89.87" z_order="0">
    </box>
    <box frame="21" outside="0" occluded="0" keyframe="0" xtl="627.79" ytl="67.18" xbr="648.64" ybr="91.36" z_order="0">
    </box>
    <box frame="22" outside="0" occluded="0" keyframe="1" xtl="622.36" ytl="67.60" xbr="643.90" ybr="92.85" z_order="0">
    </box>
    <box frame="23" outside="0" occluded="0" keyframe="0" xtl="615.98" ytl="68.13" xbr="638.53" ybr="94.71" z_order="0">
    </box>
    <box frame="24" outside="0" occluded="0" keyframe="0" xtl="609.59" ytl="68.67" xbr="633.17" ybr="96.58" z_order="0">
    </box>
    <box frame="25" outside="0" occluded="0" keyframe="0" xtl="603.21" ytl="69.20" xbr="627.80" ybr="98.44" z_order="0">
    </box>
    <box frame="26" outside="0" occluded="0" keyframe="0" xtl="596.82" ytl="69.73" xbr="622.43" ybr="100.30" z_order="0">
    </box>
    <box frame="27" outside="0" occluded="0" keyframe="0" xtl="590.43" ytl="70.27" xbr="617.07" ybr="102.16" z_order="0">
    </box>
    <box frame="28" outside="0" occluded="0" keyframe="1" xtl="584.05" ytl="70.80" xbr="611.70" ybr="104.03" z_order="0">
    </box>
    <box frame="29" outside="0" occluded="0" keyframe="0" xtl="576.40" ytl="72.12" xbr="605.78" ybr="106.89" z_order="0">
    </box>
    <box frame="30" outside="0" occluded="0" keyframe="0" xtl="568.75" ytl="73.45" xbr="599.85" ybr="109.76" z_order="0">
    </box>
    <box frame="31" outside="0" occluded="0" keyframe="0" xtl="561.10" ytl="74.77" xbr="593.93" ybr="112.63" z_order="0">
    </box>
    <box frame="32" outside="0" occluded="0" keyframe="1" xtl="553.45" ytl="76.10" xbr="588.00" ybr="115.50" z_order="0">
    </box>
    <box frame="33" outside="0" occluded="0" keyframe="0" xtl="542.70" ytl="77.16" xbr="580.40" ybr="118.00" z_order="0">
    </box>
    <box frame="34" outside="0" occluded="0" keyframe="0" xtl="531.95" ytl="78.23" xbr="572.80" ybr="120.50" z_order="0">
    </box>
    <box frame="35" outside="0" occluded="0" keyframe="0" xtl="521.20" ytl="79.29" xbr="565.20" ybr="123.00" z_order="0">
    </box>
    <box frame="36" outside="0" occluded="0" keyframe="0" xtl="510.45" ytl="80.36" xbr="557.60" ybr="125.50" z_order="0">
    </box>
    <box frame="37" outside="0" occluded="0" keyframe="1" xtl="499.70" ytl="81.42" xbr="550.00" ybr="128.00" z_order="0">
    </box>
    <box frame="38" outside="0" occluded="0" keyframe="0" xtl="485.60" ytl="83.98" xbr="540.87" ybr="128.00" z_order="0">
    </box>
    <box frame="39" outside="0" occluded="0" keyframe="0" xtl="471.50" ytl="86.54" xbr="531.73" ybr="128.00" z_order="0">
    </box>
    <box frame="40" outside="0" occluded="0" keyframe="1" xtl="457.40" ytl="89.10" xbr="522.60" ybr="128.00" z_order="0">
    </box>
    <box frame="41" outside="0" occluded="0" keyframe="0" xtl="441.22" ytl="92.72" xbr="509.78" ybr="128.00" z_order="0">
    </box>
    <box frame="42" outside="0" occluded="0" keyframe="0" xtl="425.05" ytl="96.34" xbr="496.96" ybr="128.00" z_order="0">
    </box>
    <box frame="43" outside="0" occluded="0" keyframe="0" xtl="408.87" ytl="99.95" xbr="484.14" ybr="128.00" z_order="0">
    </box>
    <box frame="44" outside="0" occluded="0" keyframe="0" xtl="392.69" ytl="103.57" xbr="471.32" ybr="128.00" z_order="0">
    </box>
    <box frame="45" outside="0" occluded="0" keyframe="1" xtl="376.51" ytl="107.19" xbr="458.50" ybr="128.00" z_order="0">
    </box>
    <box frame="46" outside="0" occluded="0" keyframe="0" xtl="346.54" ytl="110.73" xbr="431.89" ybr="128.00" z_order="0">
    </box>
    <box frame="47" outside="0" occluded="0" keyframe="0" xtl="316.57" ytl="114.26" xbr="405.29" ybr="128.00" z_order="0">
    </box>
    <box frame="48" outside="0" occluded="0" keyframe="1" xtl="286.60" ytl="117.80" xbr="378.68" ybr="128.00" z_order="0">
    </box>
    <box frame="49" outside="0" occluded="0" keyframe="0" xtl="241.28" ytl="116.47" xbr="335.85" ybr="128.00" z_order="0">
    </box>
    <box frame="50" outside="0" occluded="0" keyframe="0" xtl="195.96" ytl="115.13" xbr="293.03" ybr="128.00" z_order="0">
    </box>
    <box frame="51" outside="0" occluded="0" keyframe="1" xtl="150.64" ytl="113.80" xbr="250.20" ybr="128.00" z_order="0">
    </box>
    <box frame="52" outside="0" occluded="0" keyframe="0" xtl="129.19" ytl="108.00" xbr="223.86" ybr="128.00" z_order="0">
    </box>
    <box frame="53" outside="0" occluded="0" keyframe="0" xtl="107.74" ytl="102.20" xbr="197.52" ybr="128.00" z_order="0">
    </box>
    <box frame="54" outside="0" occluded="0" keyframe="0" xtl="86.30" ytl="96.40" xbr="171.18" ybr="128.00" z_order="0">
    </box>
    <box frame="55" outside="0" occluded="0" keyframe="0" xtl="64.85" ytl="90.60" xbr="144.84" ybr="128.00" z_order="0">
    </box>
    <box frame="56" outside="0" occluded="0" keyframe="1" xtl="43.40" ytl="84.80" xbr="118.50" ybr="128.00" z_order="0">
    </box>
    <box frame="57" outside="0" occluded="0" keyframe="0" xtl="38.68" ytl="82.87" xbr="107.57" ybr="128.00" z_order="0">
    </box>
    <box frame="58" outside="0" occluded="0" keyframe="0" xtl="33.95" ytl="80.94" xbr="96.65" ybr="128.00" z_order="0">
    </box>
    <box frame="59" outside="0" occluded="0" keyframe="0" xtl="29.23" ytl="79.01" xbr="85.72" ybr="128.00" z_order="0">
    </box>
    <box frame="60" outside="0" occluded="0" keyframe="1" xtl="24.51" ytl="77.08" xbr="74.80" ybr="128.00" z_order="0">
    </box>
    <box frame="61" outside="0" occluded="0" keyframe="0" xtl="22.51" ytl="75.22" xbr="69.75" ybr="123.88" z_order="0">
    </box>
    <box frame="62" outside="0" occluded="0" keyframe="0" xtl="20.52" ytl="73.36" xbr="64.70" ybr="119.75" z_order="0">
    </box>
    <box frame="63" outside="0" occluded="0" keyframe="0" xtl="18.52" ytl="71.49" xbr="59.65" ybr="115.62" z_order="0">
    </box>
    <box frame="64" outside="0" occluded="0" keyframe="1" xtl="16.53" ytl="69.63" xbr="54.60" ybr="111.50" z_order="0">
    </box>
    <box frame="65" outside="0" occluded="0" keyframe="0" xtl="15.02" ytl="69.58" xbr="51.09" ybr="108.42" z_order="0">
    </box>
    <box frame="66" outside="0" occluded="0" keyframe="0" xtl="13.52" ytl="69.52" xbr="47.58" ybr="105.34" z_order="0">
    </box>
    <box frame="67" outside="0" occluded="0" keyframe="0" xtl="12.01" ytl="69.47" xbr="44.06" ybr="102.26" z_order="0">
    </box>
    <box frame="68" outside="0" occluded="0" keyframe="0" xtl="10.51" ytl="69.42" xbr="40.55" ybr="99.18" z_order="0">
    </box>
    <box frame="69" outside="0" occluded="0" keyframe="1" xtl="9.00" ytl="69.36" xbr="37.04" ybr="96.10" z_order="0">
    </box>
    <box frame="70" outside="0" occluded="0" keyframe="0" xtl="7.71" ytl="68.79" xbr="35.13" ybr="94.70" z_order="0">
    </box>
    <box frame="71" outside="0" occluded="0" keyframe="0" xtl="6.43" ytl="68.22" xbr="33.23" ybr="93.30" z_order="0">
    </box>
    <box frame="72" outside="0" occluded="0" keyframe="0" xtl="5.14" ytl="67.65" xbr="31.32" ybr="91.90" z_order="0">
    </box>
    <box frame="73" outside="0" occluded="0" keyframe="0" xtl="3.86" ytl="67.08" xbr="29.42" ybr="90.50" z_order="0">
    </box>
    <box frame="74" outside="0" occluded="0" keyframe="0" xtl="2.57" ytl="66.51" xbr="27.51" ybr="89.10" z_order="0">
    </box>
    <box frame="75" outside="0" occluded="0" keyframe="0" xtl="1.29" ytl="65.94" xbr="25.61" ybr="87.70" z_order="0">
    </box>
    <box frame="76" outside="0" occluded="0" keyframe="1" xtl="0.00" ytl="65.37" xbr="23.70" ybr="86.30" z_order="0">
    </box>
    <box frame="77" outside="0" occluded="0" keyframe="0" xtl="0.00" ytl="64.94" xbr="22.26" ybr="85.18" z_order="0">
    </box>
    <box frame="78" outside="0" occluded="0" keyframe="0" xtl="0.00" ytl="64.50" xbr="20.82" ybr="84.06" z_order="0">
    </box>
    <box frame="79" outside="0" occluded="0" keyframe="0" xtl="0.00" ytl="64.07" xbr="19.38" ybr="82.95" z_order="0">
    </box>
    <box frame="80" outside="0" occluded="0" keyframe="0" xtl="0.00" ytl="63.63" xbr="17.94" ybr="81.83" z_order="0">
    </box>
    <box frame="81" outside="0" occluded="0" keyframe="1" xtl="0.00" ytl="63.20" xbr="16.50" ybr="80.71" z_order="0">
    </box>
    <box frame="82" outside="0" occluded="0" keyframe="0" xtl="0.00" ytl="63.20" xbr="15.43" ybr="80.71" z_order="0">
    </box>
    <box frame="83" outside="0" occluded="0" keyframe="0" xtl="0.00" ytl="63.20" xbr="14.37" ybr="80.71" z_order="0">
    </box>
    <box frame="84" outside="0" occluded="0" keyframe="1" xtl="0.00" ytl="63.20" xbr="13.30" ybr="80.71" z_order="0">
    </box>
    <box frame="85" outside="0" occluded="0" keyframe="0" xtl="0.00" ytl="63.20" xbr="12.13" ybr="79.11" z_order="0">
    </box>
    <box frame="86" outside="0" occluded="0" keyframe="0" xtl="0.00" ytl="63.20" xbr="10.97" ybr="77.50" z_order="0">
    </box>
    <box frame="87" outside="0" occluded="0" keyframe="1" xtl="0.00" ytl="63.20" xbr="9.80" ybr="75.90" z_order="0">
    </box>
    <box frame="88" outside="0" occluded="0" keyframe="0" xtl="0.00" ytl="62.27" xbr="8.87" ybr="74.97" z_order="0">
    </box>
    <box frame="89" outside="0" occluded="0" keyframe="1" xtl="0.00" ytl="61.34" xbr="7.94" ybr="74.04" z_order="0">
    </box>
    <box frame="90" outside="0" occluded="0" keyframe="0" xtl="0.00" ytl="60.54" xbr="7.94" ybr="73.24" z_order="0">
    </box>
    <box frame="91" outside="0" occluded="0" keyframe="1" xtl="0.00" ytl="59.74" xbr="7.94" ybr="72.44" z_order="0">
    </box>
    <box frame="92" outside="0" occluded="0" keyframe="0" xtl="0.00" ytl="59.34" xbr="7.27" ybr="72.04" z_order="0">
    </box>
    <box frame="93" outside="0" occluded="0" keyframe="1" xtl="0.00" ytl="58.94" xbr="6.61" ybr="71.64" z_order="0">
    </box>
    <box frame="94" outside="0" occluded="0" keyframe="0" xtl="0.09" ytl="58.14" xbr="6.70" ybr="70.84" z_order="0">
    </box>
    <box frame="95" outside="0" occluded="0" keyframe="0" xtl="0.18" ytl="57.35" xbr="6.79" ybr="70.04" z_order="0">
    </box>
    <box frame="96" outside="0" occluded="0" keyframe="1" xtl="0.27" ytl="56.55" xbr="6.88" ybr="69.25" z_order="0">
    </box>
    <box frame="97" outside="0" occluded="0" keyframe="0" xtl="0.27" ytl="56.55" xbr="8.22" ybr="69.25" z_order="0">
    </box>
    <box frame="98" outside="0" occluded="0" keyframe="0" xtl="0.27" ytl="56.55" xbr="9.56" ybr="69.25" z_order="0">
    </box>
    <box frame="99" outside="0" occluded="0" keyframe="1" xtl="0.27" ytl="56.55" xbr="10.90" ybr="69.25" z_order="0">
    </box>
  </track>
  <track id="1" label="car" source="manual">
    <box frame="46" outside="0" occluded="0" keyframe="1" xtl="520.08" ytl="70.27" xbr="530.80" ybr="85.21" z_order="0">
    </box>
    <box frame="47" outside="0" occluded="0" keyframe="0" xtl="516.63" ytl="71.04" xbr="527.36" ybr="85.98" z_order="0">
    </box>
    <box frame="48" outside="0" occluded="0" keyframe="0" xtl="513.18" ytl="71.80" xbr="523.91" ybr="86.75" z_order="0">
    </box>
    <box frame="49" outside="0" occluded="0" keyframe="0" xtl="509.73" ytl="72.57" xbr="520.46" ybr="87.51" z_order="0">
    </box>
    <box frame="50" outside="0" occluded="0" keyframe="1" xtl="506.28" ytl="73.34" xbr="517.01" ybr="88.28" z_order="0">
    </box>
    <box frame="51" outside="0" occluded="0" keyframe="0" xtl="503.75" ytl="74.33" xbr="514.48" ybr="89.27" z_order="0">
    </box>
    <box frame="52" outside="0" occluded="0" keyframe="0" xtl="501.23" ytl="75.33" xbr="511.95" ybr="90.27" z_order="0">
    </box>
    <box frame="53" outside="0" occluded="0" keyframe="0" xtl="498.70" ytl="76.32" xbr="509.43" ybr="91.27" z_order="0">
    </box>
    <box frame="54" outside="0" occluded="0" keyframe="0" xtl="496.17" ytl="77.32" xbr="506.90" ybr="92.26" z_order="0">
    </box>
    <box frame="55" outside="0" occluded="0" keyframe="1" xtl="493.64" ytl="78.32" xbr="504.37" ybr="93.26" z_order="0">
    </box>
    <box frame="56" outside="0" occluded="0" keyframe="0" xtl="491.34" ytl="78.93" xbr="502.91" ybr="95.17" z_order="0">
    </box>
    <box frame="57" outside="0" occluded="0" keyframe="0" xtl="489.04" ytl="79.55" xbr="501.46" ybr="97.09" z_order="0">
    </box>
    <box frame="58" outside="0" occluded="0" keyframe="0" xtl="486.74" ytl="80.17" xbr="500.01" ybr="99.01" z_order="0">
    </box>
    <box frame="59" outside="0" occluded="0" keyframe="0" xtl="484.45" ytl="80.78" xbr="498.55" ybr="100.92" z_order="0">
    </box>
    <box frame="60" outside="0" occluded="0" keyframe="1" xtl="482.15" ytl="81.40" xbr="497.10" ybr="102.84" z_order="0">
    </box>
    <box frame="61" outside="0" occluded="0" keyframe="0" xtl="479.62" ytl="81.78" xbr="496.48" ybr="105.89" z_order="0">
    </box>
    <box frame="62" outside="0" occluded="0" keyframe="0" xtl="477.09" ytl="82.16" xbr="495.86" ybr="108.94" z_order="0">
    </box>
    <box frame="63" outside="0" occluded="0" keyframe="0" xtl="474.56" ytl="82.54" xbr="495.24" ybr="112.00" z_order="0">
    </box>
    <box frame="64" outside="0" occluded="0" keyframe="0" xtl="472.03" ytl="82.92" xbr="494.62" ybr="115.05" z_order="0">
    </box>
    <box frame="65" outside="0" occluded="0" keyframe="1" xtl="469.50" ytl="83.30" xbr="494.00" ybr="118.10" z_order="0">
    </box>
    <box frame="66" outside="0" occluded="0" keyframe="1" xtl="463.08" ytl="84.05" xbr="492.07" ybr="123.30" z_order="0">
    </box>
    <box frame="67" outside="0" occluded="0" keyframe="1" xtl="456.67" ytl="84.80" xbr="490.15" ybr="128.00" z_order="0">
    </box>
    <box frame="68" outside="0" occluded="0" keyframe="1" xtl="450.25" ytl="85.55" xbr="488.23" ybr="128.00" z_order="0">
    </box>
    <box frame="69" outside="0" occluded="0" keyframe="1" xtl="443.83" ytl="86.30" xbr="486.30" ybr="128.00" z_order="0">
    </box>
    <box frame="70" outside="0" occluded="0" keyframe="0" xtl="432.53" ytl="88.41" xbr="480.75" ybr="128.00" z_order="0">
    </box>
    <box frame="71" outside="0" occluded="0" keyframe="1" xtl="421.22" ytl="90.51" xbr="475.20" ybr="128.00" z_order="0">
    </box>
    <box frame="72" outside="0" occluded="0" keyframe="0" xtl="400.28" ytl="94.98" xbr="467.15" ybr="128.00" z_order="0">
    </box>
    <box frame="73" outside="0" occluded="0" keyframe="1" xtl="379.33" ytl="99.45" xbr="459.10" ybr="128.00" z_order="0">
    </box>
    <box frame="74" outside="0" occluded="0" keyframe="1" xtl="358.39" ytl="103.92" xbr="439.60" ybr="128.00" z_order="0">
    </box>
    <box frame="75" outside="0" occluded="0" keyframe="1" xtl="318.35" ytl="109.86" xbr="412.20" ybr="128.00" z_order="0">
    </box>
    <box frame="76" outside="0" occluded="0" keyframe="1" xtl="278.31" ytl="115.80" xbr="359.52" ybr="128.00" z_order="0">
    </box>
    <box frame="77" outside="0" occluded="0" keyframe="1" xtl="215.09" ytl="118.48" xbr="291.30" ybr="128.00" z_order="0">
    </box>
    <box frame="78" outside="0" occluded="0" keyframe="1" xtl="142.30" ytl="110.10" xbr="235.75" ybr="128.00" z_order="0">
    </box>
    <box frame="79" outside="0" occluded="0" keyframe="1" xtl="93.10" ytl="102.83" xbr="200.23" ybr="128.00" z_order="0">
    </box>
    <box frame="80" outside="0" occluded="0" keyframe="1" xtl="63.70" ytl="95.57" xbr="164.72" ybr="128.00" z_order="0">
    </box>
    <box frame="81" outside="0" occluded="0" keyframe="1" xtl="53.40" ytl="88.30" xbr="129.20" ybr="128.00" z_order="0">
    </box>
    <box frame="82" outside="0" occluded="0" keyframe="0" xtl="47.78" ytl="84.34" xbr="112.33" ybr="128.00" z_order="0">
    </box>
    <box frame="83" outside="0" occluded="0" keyframe="0" xtl="42.16" ytl="80.38" xbr="95.47" ybr="128.00" z_order="0">
    </box>
    <box frame="84" outside="0" occluded="0" keyframe="1" xtl="36.54" ytl="76.42" xbr="78.60" ybr="128.00" z_order="0">
    </box>
    <box frame="85" outside="0" occluded="0" keyframe="0" xtl="33.95" ytl="74.89" xbr="72.00" ybr="121.98" z_order="0">
    </box>
    <box frame="86" outside="0" occluded="0" keyframe="0" xtl="31.37" ytl="73.36" xbr="65.40" ybr="115.95" z_order="0">
    </box>
    <box frame="87" outside="0" occluded="0" keyframe="0" xtl="28.78" ytl="71.82" xbr="58.80" ybr="109.93" z_order="0">
    </box>
    <box frame="88" outside="0" occluded="0" keyframe="1" xtl="26.20" ytl="70.29" xbr="52.20" ybr="103.90" z_order="0">
    </box>
    <box frame="89" outside="0" occluded="0" keyframe="0" xtl="25.05" ytl="68.76" xbr="48.77" ybr="99.93" z_order="0">
    </box>
    <box frame="90" outside="0" occluded="0" keyframe="0" xtl="23.90" ytl="67.23" xbr="45.33" ybr="95.97" z_order="0">
    </box>
    <box frame="91" outside="0" occluded="0" keyframe="1" xtl="22.75" ytl="65.69" xbr="41.90" ybr="92.00" z_order="0">
    </box>
    <box frame="92" outside="0" occluded="0" keyframe="1" xtl="22.29" ytl="64.85" xbr="40.52" ybr="90.20" z_order="0">
    </box>
    <box frame="93" outside="0" occluded="0" keyframe="0" xtl="21.83" ytl="64.01" xbr="39.14" ybr="88.45" z_order="0">
    </box>
    <box frame="94" outside="0" occluded="0" keyframe="0" xtl="21.37" ytl="63.17" xbr="37.76" ybr="86.70" z_order="0">
    </box>
    <box frame="95" outside="0" occluded="0" keyframe="0" xtl="20.91" ytl="62.32" xbr="36.38" ybr="84.95" z_order="0">
    </box>
    <box frame="96" outside="0" occluded="0" keyframe="1" xtl="20.45" ytl="61.48" xbr="35.00" ybr="83.20" z_order="0">
    </box>
    <box frame="97" outside="0" occluded="0" keyframe="0" xtl="20.83" ytl="61.48" xbr="34.63" ybr="82.07" z_order="0">
    </box>
    <box frame="98" outside="0" occluded="0" keyframe="0" xtl="21.22" ytl="61.48" xbr="34.27" ybr="80.93" z_order="0">
    </box>
    <box frame="99" outside="0" occluded="0" keyframe="1" xtl="21.60" ytl="61.48" xbr="33.90" ybr="79.80" z_order="0">
    </box>
  </track>
  <track id="2" label="rider" source="manual">
    <box frame="63" outside="0" occluded="0" keyframe="1" xtl="495.81" ytl="75.74" xbr="498.93" ybr="85.89" z_order="0">
    </box>
    <box frame="64" outside="0" occluded="0" keyframe="0" xtl="495.15" ytl="75.72" xbr="498.46" ybr="86.57" z_order="0">
    </box>
    <box frame="65" outside="0" occluded="0" keyframe="0" xtl="494.49" ytl="75.71" xbr="497.99" ybr="87.25" z_order="0">
    </box>
    <box frame="66" outside="0" occluded="0" keyframe="0" xtl="493.83" ytl="75.69" xbr="497.52" ybr="87.93" z_order="0">
    </box>
    <box frame="67" outside="0" occluded="0" keyframe="0" xtl="493.17" ytl="75.67" xbr="497.05" ybr="88.60" z_order="0">
    </box>
    <box frame="68" outside="0" occluded="0" keyframe="0" xtl="492.51" ytl="75.65" xbr="496.58" ybr="89.28" z_order="0">
    </box>
    <box frame="69" outside="0" occluded="0" keyframe="0" xtl="491.85" ytl="75.63" xbr="496.11" ybr="89.96" z_order="0">
    </box>
    <box frame="70" outside="0" occluded="0" keyframe="0" xtl="491.19" ytl="75.62" xbr="495.64" ybr="90.64" z_order="0">
    </box>
    <box frame="71" outside="0" occluded="0" keyframe="0" xtl="490.53" ytl="75.60" xbr="495.17" ybr="91.32" z_order="0">
    </box>
    <box frame="72" outside="0" occluded="0" keyframe="1" xtl="489.86" ytl="75.58" xbr="494.70" ybr="92.00" z_order="0">
    </box>
    <box frame="73" outside="0" occluded="0" keyframe="0" xtl="487.94" ytl="76.10" xbr="492.78" ybr="93.72" z_order="0">
    </box>
    <box frame="74" outside="0" occluded="0" keyframe="0" xtl="486.02" ytl="76.62" xbr="490.86" ybr="95.44" z_order="0">
    </box>
    <box frame="75" outside="0" occluded="0" keyframe="0" xtl="484.10" ytl="77.14" xbr="488.94" ybr="97.16" z_order="0">
    </box>
    <box frame="76" outside="0" occluded="0" keyframe="0" xtl="482.18" ytl="77.66" xbr="487.02" ybr="98.88" z_order="0">
    </box>
    <box frame="77" outside="0" occluded="0" keyframe="1" xtl="480.26" ytl="78.18" xbr="485.10" ybr="100.60" z_order="0">
    </box>
    <box frame="78" outside="0" occluded="0" keyframe="0" xtl="476.10" ytl="78.61" xbr="482.07" ybr="105.70" z_order="0">
    </box>
    <box frame="79" outside="0" occluded="0" keyframe="0" xtl="471.93" ytl="79.05" xbr="479.03" ybr="110.80" z_order="0">
    </box>
    <box frame="80" outside="0" occluded="0" keyframe="1" xtl="467.76" ytl="79.48" xbr="476.00" ybr="115.90" z_order="0">
    </box>
    <box frame="81" outside="0" occluded="0" keyframe="0" xtl="461.20" ytl="80.95" xbr="470.95" ybr="119.93" z_order="0">
    </box>
    <box frame="82" outside="0" occluded="0" keyframe="1" xtl="454.63" ytl="82.41" xbr="465.90" ybr="123.97" z_order="0">
    </box>
    <box frame="83" outside="0" occluded="0" keyframe="1" xtl="448.06" ytl="83.88" xbr="456.30" ybr="128.00" z_order="0">
    </box>
    <box frame="84" outside="0" occluded="0" keyframe="0" xtl="434.41" ytl="87.23" xbr="445.25" ybr="128.00" z_order="0">
    </box>
    <box frame="85" outside="0" occluded="0" keyframe="1" xtl="420.76" ytl="90.58" xbr="434.20" ybr="128.00" z_order="0">
    </box>
    <box frame="86" outside="0" occluded="0" keyframe="1" xtl="390.21" ytl="94.68" xbr="409.70" ybr="128.00" z_order="0">
    </box>
    <box frame="87" outside="0" occluded="0" keyframe="1" xtl="359.66" ytl="98.78" xbr="373.10" ybr="128.00" z_order="0">
    </box>
    <box frame="88" outside="0" occluded="0" keyframe="1" xtl="308.46" ytl="102.68" xbr="323.30" ybr="128.00" z_order="0">
    </box>
    <box frame="89" outside="0" occluded="0" keyframe="1" xtl="240.80" ytl="103.70" xbr="261.70" ybr="128.00" z_order="0">
    </box>
    <box frame="90" outside="0" occluded="0" keyframe="1" xtl="176.68" ytl="93.60" xbr="198.56" ybr="128.00" z_order="0">
    </box>
    <box frame="91" outside="0" occluded="0" keyframe="1" xtl="130.73" ytl="85.52" xbr="153.60" ybr="128.00" z_order="0">
    </box>
    <box frame="92" outside="0" occluded="0" keyframe="1" xtl="95.90" ytl="80.81" xbr="125.20" ybr="126.70" z_order="0">
    </box>
    <box frame="93" outside="0" occluded="0" keyframe="1" xtl="79.22" ytl="76.10" xbr="98.85" ybr="125.40" z_order="0">
    </box>
    <box frame="94" outside="0" occluded="0" keyframe="1" xtl="67.11" ytl="74.41" xbr="85.11" ybr="121.09" z_order="0">
    </box>
    <box frame="95" outside="0" occluded="0" keyframe="1" xtl="58.02" ytl="69.36" xbr="74.40" ybr="117.44" z_order="0">
    </box>
    <box frame="96" outside="0" occluded="0" keyframe="1" xtl="49.94" ytl="65.33" xbr="64.70" ybr="114.80" z_order="0">
    </box>
    <box frame="97" outside="0" occluded="0" keyframe="0" xtl="47.25" ytl="64.99" xbr="60.33" ybr="110.10" z_order="0">
    </box>
    <box frame="98" outside="0" occluded="0" keyframe="0" xtl="44.55" ytl="64.65" xbr="55.97" ybr="105.40" z_order="0">
    </box>
    <box frame="99" outside="0" occluded="0" keyframe="1" xtl="41.86" ytl="64.32" xbr="51.60" ybr="100.70" z_order="0">
    </box>
  </track>
  <track id="3" label="person" source="manual">
    <box frame="0" outside="0" occluded="0" keyframe="1" xtl="650.28" ytl="67.30" xbr="654.94" ybr="85.70" z_order="0">
    </box>
    <box frame="1" outside="0" occluded="0" keyframe="0" xtl="652.57" ytl="68.33" xbr="657.23" ybr="86.73" z_order="0">
    </box>
    <box frame="2" outside="0" occluded="0" keyframe="0" xtl="654.86" ytl="69.37" xbr="659.52" ybr="87.77" z_order="0">
    </box>
    <box frame="3" outside="0" occluded="0" keyframe="1" xtl="657.15" ytl="70.40" xbr="661.81" ybr="88.80" z_order="0">
    </box>
    <box frame="4" outside="0" occluded="0" keyframe="0" xtl="657.37" ytl="69.87" xbr="662.03" ybr="88.27" z_order="0">
    </box>
    <box frame="5" outside="0" occluded="0" keyframe="0" xtl="657.60" ytl="69.34" xbr="662.25" ybr="87.74" z_order="0">
    </box>
    <box frame="6" outside="0" occluded="0" keyframe="0" xtl="657.82" ytl="68.80" xbr="662.47" ybr="87.21" z_order="0">
    </box>
    <box frame="7" outside="0" occluded="0" keyframe="0" xtl="658.04" ytl="68.27" xbr="662.70" ybr="86.68" z_order="0">
    </box>
    <box frame="8" outside="0" occluded="0" keyframe="1" xtl="658.26" ytl="67.74" xbr="662.92" ybr="86.14" z_order="0">
    </box>
    <box frame="9" outside="0" occluded="0" keyframe="0" xtl="657.45" ytl="65.15" xbr="662.10" ybr="83.56" z_order="0">
    </box>
    <box frame="10" outside="0" occluded="0" keyframe="0" xtl="656.64" ytl="62.57" xbr="661.29" ybr="80.97" z_order="0">
    </box>
    <box frame="11" outside="0" occluded="0" keyframe="1" xtl="655.82" ytl="59.98" xbr="660.48" ybr="78.38" z_order="0">
    </box>
    <box frame="12" outside="0" occluded="0" keyframe="0" xtl="653.96" ytl="60.42" xbr="658.62" ybr="78.83" z_order="0">
    </box>
    <box frame="13" outside="0" occluded="0" keyframe="0" xtl="652.10" ytl="60.87" xbr="656.75" ybr="79.27" z_order="0">
    </box>
    <box frame="14" outside="0" occluded="0" keyframe="0" xtl="650.23" ytl="61.31" xbr="654.89" ybr="79.71" z_order="0">
    </box>
    <box frame="15" outside="0" occluded="0" keyframe="0" xtl="648.37" ytl="61.75" xbr="653.03" ybr="80.16" z_order="0">
    </box>
    <box frame="16" outside="0" occluded="0" keyframe="1" xtl="646.51" ytl="62.20" xbr="651.17" ybr="80.60" z_order="0">
    </box>
    <box frame="17" outside="0" occluded="0" keyframe="0" xtl="643.35" ytl="62.09" xbr="648.01" ybr="80.49" z_order="0">
    </box>
    <box frame="18" outside="0" occluded="0" keyframe="0" xtl="640.19" ytl="61.98" xbr="644.85" ybr="80.38" z_order="0">
    </box>
    <box frame="19" outside="0" occluded="0" keyframe="0" xtl="637.03" ytl="61.86" xbr="641.69" ybr="80.27" z_order="0">
    </box>
    <box frame="20" outside="0" occluded="0" keyframe="1" xtl="633.87" ytl="61.75" xbr="638.53" ybr="80.16" z_order="-1">
    </box>
    <box frame="21" outside="0" occluded="0" keyframe="0" xtl="629.40" ytl="62.19" xbr="634.06" ybr="80.59" z_order="-1">
    </box>
    <box frame="22" outside="0" occluded="0" keyframe="0" xtl="624.93" ytl="62.62" xbr="629.59" ybr="81.02" z_order="-1">
    </box>
    <box frame="23" outside="0" occluded="0" keyframe="0" xtl="620.46" ytl="63.06" xbr="625.12" ybr="81.46" z_order="-1">
    </box>
    <box frame="24" outside="0" occluded="0" keyframe="0" xtl="615.99" ytl="63.49" xbr="620.65" ybr="81.89" z_order="-1">
    </box>
    <box frame="25" outside="0" occluded="0" keyframe="0" xtl="611.52" ytl="63.92" xbr="616.18" ybr="82.33" z_order="-1">
    </box>
    <box frame="26" outside="0" occluded="0" keyframe="0" xtl="607.06" ytl="64.36" xbr="611.71" ybr="82.76" z_order="-1">
    </box>
    <box frame="27" outside="0" occluded="0" keyframe="1" xtl="602.59" ytl="64.79" xbr="607.24" ybr="83.19" z_order="-1">
    </box>
    <box frame="28" outside="0" occluded="0" keyframe="0" xtl="598.01" ytl="64.59" xbr="602.67" ybr="83.00" z_order="-1">
    </box>
    <box frame="29" outside="0" occluded="0" keyframe="0" xtl="593.43" ytl="64.39" xbr="598.09" ybr="82.80" z_order="-1">
    </box>
    <box frame="30" outside="0" occluded="0" keyframe="1" xtl="588.86" ytl="64.19" xbr="593.52" ybr="82.60" z_order="-1">
    </box>
    <box frame="31" outside="0" occluded="0" keyframe="0" xtl="583.66" ytl="64.85" xbr="588.68" ybr="83.70" z_order="-1">
    </box>
    <box frame="32" outside="0" occluded="0" keyframe="0" xtl="578.45" ytl="65.51" xbr="583.84" ybr="84.81" z_order="-1">
    </box>
    <box frame="33" outside="0" occluded="0" keyframe="1" xtl="573.25" ytl="66.17" xbr="579.00" ybr="85.92" z_order="-1">
    </box>
    <box frame="34" outside="0" occluded="0" keyframe="1" xtl="568.05" ytl="66.82" xbr="572.71" ybr="87.02" z_order="-1">
    </box>
    <box frame="35" outside="0" occluded="0" keyframe="1" xtl="561.68" ytl="66.83" xbr="567.20" ybr="87.48" z_order="-1">
    </box>
    <box frame="36" outside="0" occluded="0" keyframe="0" xtl="555.32" ytl="66.84" xbr="560.40" ybr="87.94" z_order="-1">
    </box>
    <box frame="37" outside="0" occluded="0" keyframe="1" xtl="548.95" ytl="66.86" xbr="553.61" ybr="88.40" z_order="-1">
    </box>
    <box frame="38" outside="0" occluded="0" keyframe="0" xtl="542.30" ytl="67.43" xbr="547.26" ybr="89.56" z_order="-1">
    </box>
    <box frame="39" outside="0" occluded="0" keyframe="0" xtl="535.65" ytl="68.01" xbr="540.92" ybr="90.72" z_order="-1">
    </box>
    <box frame="40" outside="0" occluded="0" keyframe="0" xtl="528.99" ytl="68.59" xbr="534.58" ybr="91.88" z_order="-1">
    </box>
    <box frame="41" outside="0" occluded="0" keyframe="0" xtl="522.34" ytl="69.16" xbr="528.24" ybr="93.04" z_order="-1">
    </box>
    <box frame="42" outside="0" occluded="0" keyframe="1" xtl="515.69" ytl="69.74" xbr="521.90" ybr="94.20" z_order="-1">
    </box>
    <box frame="43" outside="0" occluded="0" keyframe="0" xtl="510.11" ytl="70.37" xbr="516.32" ybr="94.83" z_order="-1">
    </box>
    <box frame="44" outside="0" occluded="0" keyframe="1" xtl="504.53" ytl="71.00" xbr="510.74" ybr="95.46" z_order="-1">
    </box>
    <box frame="45" outside="0" occluded="0" keyframe="0" xtl="500.28" ytl="71.62" xbr="506.49" ybr="96.09" z_order="-1">
    </box>
    <box frame="46" outside="0" occluded="0" keyframe="0" xtl="496.03" ytl="72.25" xbr="502.24" ybr="96.71" z_order="-1">
    </box>
    <box frame="47" outside="0" occluded="0" keyframe="0" xtl="491.78" ytl="72.88" xbr="497.99" ybr="97.34" z_order="-1">
    </box>
    <box frame="48" outside="0" occluded="0" keyframe="1" xtl="487.53" ytl="73.51" xbr="493.74" ybr="97.97" z_order="-1">
    </box>
    <box frame="49" outside="0" occluded="0" keyframe="0" xtl="484.61" ytl="74.06" xbr="490.82" ybr="98.52" z_order="-1">
    </box>
    <box frame="50" outside="0" occluded="0" keyframe="0" xtl="481.69" ytl="74.62" xbr="487.90" ybr="99.08" z_order="-1">
    </box>
    <box frame="51" outside="0" occluded="0" keyframe="0" xtl="478.77" ytl="75.17" xbr="484.98" ybr="99.63" z_order="-1">
    </box>
    <box frame="52" outside="0" occluded="0" keyframe="0" xtl="475.85" ytl="75.73" xbr="482.06" ybr="100.19" z_order="-1">
    </box>
    <box frame="53" outside="0" occluded="0" keyframe="0" xtl="472.93" ytl="76.28" xbr="479.14" ybr="100.74" z_order="-1">
    </box>
    <box frame="54" outside="0" occluded="0" keyframe="1" xtl="470.01" ytl="76.83" xbr="476.22" ybr="101.30" z_order="-1">
    </box>
    <box frame="55" outside="0" occluded="0" keyframe="0" xtl="467.82" ytl="77.22" xbr="474.20" ybr="102.15" z_order="-1">
    </box>
    <box frame="56" outside="0" occluded="0" keyframe="0" xtl="465.63" ytl="77.61" xbr="472.18" ybr="103.01" z_order="-1">
    </box>
    <box frame="57" outside="0" occluded="0" keyframe="0" xtl="463.45" ytl="78.00" xbr="470.16" ybr="103.87" z_order="-1">
    </box>
    <box frame="58" outside="0" occluded="0" keyframe="1" xtl="461.26" ytl="78.39" xbr="468.14" ybr="104.73" z_order="-1">
    </box>
    <box frame="59" outside="0" occluded="0" keyframe="0" xtl="459.95" ytl="78.89" xbr="467.00" ybr="105.69" z_order="-1">
    </box>
    <box frame="60" outside="0" occluded="0" keyframe="0" xtl="458.65" ytl="79.38" xbr="465.87" ybr="106.66" z_order="-1">
    </box>
    <box frame="61" outside="0" occluded="0" keyframe="0" xtl="457.35" ytl="79.88" xbr="464.73" ybr="107.63" z_order="-1">
    </box>
    <box frame="62" outside="0" occluded="0" keyframe="1" xtl="456.04" ytl="80.38" xbr="463.60" ybr="108.60" z_order="-1">
    </box>
    <box frame="63" outside="0" occluded="0" keyframe="0" xtl="454.48" ytl="80.35" xbr="462.18" ybr="109.93" z_order="-1">
    </box>
    <box frame="64" outside="0" occluded="0" keyframe="0" xtl="452.92" ytl="80.31" xbr="460.76" ybr="111.27" z_order="-1">
    </box>
    <box frame="65" outside="0" occluded="0" keyframe="0" xtl="451.36" ytl="80.28" xbr="459.35" ybr="112.60" z_order="-1">
    </box>
    <box frame="66" outside="0" occluded="0" keyframe="0" xtl="449.79" ytl="80.24" xbr="457.93" ybr="113.93" z_order="-1">
    </box>
    <box frame="67" outside="0" occluded="0" keyframe="0" xtl="448.23" ytl="80.21" xbr="456.51" ybr="115.27" z_order="-1">
    </box>
    <box frame="68" outside="0" occluded="0" keyframe="1" xtl="446.67" ytl="80.17" xbr="455.09" ybr="116.60" z_order="-1">
    </box>
    <box frame="69" outside="0" occluded="0" keyframe="0" xtl="444.37" ytl="80.41" xbr="452.94" ybr="118.21" z_order="-1">
    </box>
    <box frame="70" outside="0" occluded="0" keyframe="0" xtl="442.06" ytl="80.65" xbr="450.78" ybr="119.82" z_order="-1">
    </box>
    <box frame="71" outside="0" occluded="0" keyframe="0" xtl="439.76" ytl="80.90" xbr="448.62" ybr="121.43" z_order="-1">
    </box>
    <box frame="72" outside="0" occluded="0" keyframe="1" xtl="437.46" ytl="81.14" xbr="446.47" ybr="123.04" z_order="-1">
    </box>
    <box frame="73" outside="0" occluded="0" keyframe="0" xtl="434.27" ytl="81.08" xbr="443.42" ybr="124.35" z_order="-1">
    </box>
    <box frame="74" outside="0" occluded="0" keyframe="1" xtl="431.08" ytl="81.02" xbr="440.38" ybr="125.66" z_order="-1">
    </box>
    <box frame="75" outside="0" occluded="0" keyframe="1" xtl="426.84" ytl="80.59" xbr="436.28" ybr="126.60" z_order="-1">
    </box>
    <box frame="76" outside="0" occluded="0" keyframe="1" xtl="424.12" ytl="83.71" xbr="433.70" ybr="128.00" z_order="-1">
    </box>
    <box frame="77" outside="0" occluded="0" keyframe="1" xtl="420.12" ytl="83.00" xbr="429.71" ybr="128.00" z_order="-1">
    </box>
    <box frame="78" outside="0" occluded="0" keyframe="1" xtl="416.13" ytl="84.60" xbr="425.72" ybr="128.00" z_order="-1">
    </box>
    <box frame="79" outside="0" occluded="0" keyframe="0" xtl="409.54" ytl="84.21" xbr="419.89" ybr="128.00" z_order="-1">
    </box>
    <box frame="80" outside="0" occluded="0" keyframe="0" xtl="402.94" ytl="83.82" xbr="414.06" ybr="128.00" z_order="-1">
    </box>
    <box frame="81" outside="0" occluded="0" keyframe="0" xtl="396.34" ytl="83.43" xbr="408.23" ybr="128.00" z_order="-1">
    </box>
    <box frame="82" outside="0" occluded="0" keyframe="1" xtl="389.75" ytl="83.04" xbr="402.40" ybr="128.00" z_order="-1">
    </box>
    <box frame="83" outside="0" occluded="0" keyframe="0" xtl="381.45" ytl="83.31" xbr="394.10" ybr="128.00" z_order="-1">
    </box>
    <box frame="84" outside="0" occluded="0" keyframe="0" xtl="373.15" ytl="83.57" xbr="385.81" ybr="128.00" z_order="-1">
    </box>
    <box frame="85" outside="0" occluded="0" keyframe="1" xtl="364.86" ytl="83.83" xbr="377.51" ybr="128.00" z_order="-1">
    </box>
    <box frame="86" outside="0" occluded="0" keyframe="1" xtl="353.61" ytl="83.50" xbr="366.26" ybr="128.00" z_order="-1">
    </box>
    <box frame="87" outside="0" occluded="0" keyframe="0" xtl="340.96" ytl="83.14" xbr="354.30" ybr="128.00" z_order="-1">
    </box>
    <box frame="88" outside="0" occluded="0" keyframe="1" xtl="328.31" ytl="82.78" xbr="342.34" ybr="128.00" z_order="-1">
    </box>
    <box frame="89" outside="0" occluded="0" keyframe="0" xtl="313.44" ytl="82.20" xbr="328.16" ybr="128.00" z_order="-1">
    </box>
    <box frame="90" outside="0" occluded="0" keyframe="1" xtl="298.57" ytl="81.61" xbr="313.99" ybr="128.00" z_order="-1">
    </box>
    <box frame="91" outside="0" occluded="0" keyframe="1" xtl="281.77" ytl="81.14" xbr="297.87" ybr="128.00" z_order="-1">
    </box>
    <box frame="92" outside="0" occluded="0" keyframe="0" xtl="264.14" ytl="80.67" xbr="280.94" ybr="128.00" z_order="-1">
    </box>
    <box frame="93" outside="0" occluded="0" keyframe="1" xtl="246.51" ytl="80.20" xbr="264.00" ybr="128.00" z_order="-1">
    </box>
    <box frame="94" outside="0" occluded="0" keyframe="0" xtl="231.32" ytl="79.13" xbr="249.40" ybr="128.00" z_order="-1">
    </box>
    <box frame="95" outside="0" occluded="0" keyframe="0" xtl="216.12" ytl="78.06" xbr="234.81" ybr="128.00" z_order="-1">
    </box>
    <box frame="96" outside="0" occluded="0" keyframe="0" xtl="200.93" ytl="76.99" xbr="220.21" ybr="128.00" z_order="-1">
    </box>
    <box frame="97" outside="0" occluded="0" keyframe="1" xtl="185.73" ytl="75.91" xbr="205.61" ybr="128.00" z_order="-1">
    </box>
    <box frame="98" outside="0" occluded="0" keyframe="0" xtl="171.87" ytl="74.84" xbr="192.34" ybr="128.00" z_order="-1">
    </box>
    <box frame="99" outside="0" occluded="0" keyframe="1" xtl="158.00" ytl="73.77" xbr="179.08" ybr="128.00" z_order="-1">
    </box>
  </track>
  <track id="4" label="rider" source="manual">
    <box frame="0" outside="0" occluded="0" keyframe="1" xtl="363.57" ytl="84.75" xbr="376.70" ybr="127.17" z_order="0">
    </box>
    <box frame="1" outside="0" occluded="0" keyframe="1" xtl="362.03" ytl="82.90" xbr="375.16" ybr="127.34" z_order="0">
    </box>
    <box frame="2" outside="0" occluded="0" keyframe="1" xtl="358.49" ytl="82.08" xbr="372.60" ybr="128.00" z_order="0">
    </box>
    <box frame="3" outside="0" occluded="0" keyframe="0" xtl="354.17" ytl="82.69" xbr="367.79" ybr="128.00" z_order="0">
    </box>
    <box frame="4" outside="0" occluded="0" keyframe="1" xtl="349.85" ytl="83.30" xbr="362.98" ybr="128.00" z_order="0">
    </box>
    <box frame="5" outside="0" occluded="0" keyframe="0" xtl="344.53" ytl="81.15" xbr="357.66" ybr="128.00" z_order="0">
    </box>
    <box frame="6" outside="0" occluded="0" keyframe="1" xtl="339.22" ytl="79.00" xbr="352.35" ybr="128.00" z_order="0">
    </box>
    <box frame="7" outside="0" occluded="0" keyframe="1" xtl="331.15" ytl="77.00" xbr="344.27" ybr="128.00" z_order="0">
    </box>
    <box frame="8" outside="0" occluded="0" keyframe="0" xtl="323.08" ytl="77.04" xbr="336.20" ybr="127.78" z_order="0">
    </box>
    <box frame="9" outside="0" occluded="0" keyframe="0" xtl="315.01" ytl="77.08" xbr="328.12" ybr="127.56" z_order="0">
    </box>
    <box frame="10" outside="0" occluded="0" keyframe="0" xtl="306.94" ytl="77.12" xbr="320.05" ybr="127.34" z_order="0">
    </box>
    <box frame="11" outside="0" occluded="0" keyframe="0" xtl="298.87" ytl="77.16" xbr="311.98" ybr="127.11" z_order="0">
    </box>
    <box frame="12" outside="0" occluded="0" keyframe="1" xtl="290.79" ytl="77.20" xbr="303.90" ybr="126.89" z_order="0">
    </box>
    <box frame="13" outside="0" occluded="0" keyframe="1" xtl="282.72" ytl="76.60" xbr="295.83" ybr="126.67" z_order="0">
    </box>
    <box frame="14" outside="0" occluded="0" keyframe="1" xtl="272.92" ytl="76.50" xbr="286.02" ybr="126.67" z_order="0">
    </box>
    <box frame="15" outside="0" occluded="0" keyframe="0" xtl="262.40" ytl="75.69" xbr="276.04" ybr="126.32" z_order="0">
    </box>
    <box frame="16" outside="0" occluded="0" keyframe="0" xtl="251.87" ytl="74.88" xbr="266.05" ybr="125.96" z_order="0">
    </box>
    <box frame="17" outside="0" occluded="0" keyframe="0" xtl="241.35" ytl="74.07" xbr="256.07" ybr="125.61" z_order="0">
    </box>
    <box frame="18" outside="0" occluded="0" keyframe="0" xtl="230.83" ytl="73.26" xbr="246.08" ybr="125.25" z_order="0">
    </box>
    <box frame="19" outside="0" occluded="0" keyframe="1" xtl="220.31" ytl="72.45" xbr="236.10" ybr="124.90" z_order="0">
    </box>
    <box frame="20" outside="0" occluded="0" keyframe="0" xtl="209.76" ytl="72.90" xbr="225.55" ybr="125.35" z_order="0">
    </box>
    <box frame="21" outside="0" occluded="0" keyframe="0" xtl="199.21" ytl="73.34" xbr="215.00" ybr="125.79" z_order="0">
    </box>
    <box frame="22" outside="0" occluded="0" keyframe="0" xtl="188.66" ytl="73.79" xbr="204.45" ybr="126.24" z_order="0">
    </box>
    <box frame="23" outside="0" occluded="0" keyframe="0" xtl="178.11" ytl="74.23" xbr="193.90" ybr="126.68" z_order="0">
    </box>
    <box frame="24" outside="0" occluded="0" keyframe="0" xtl="167.56" ytl="74.68" xbr="183.35" ybr="127.13" z_order="0">
    </box>
    <box frame="25" outside="0" occluded="0" keyframe="1" xtl="157.01" ytl="75.12" xbr="172.80" ybr="127.57" z_order="0">
    </box>
    <box frame="26" outside="0" occluded="0" keyframe="0" xtl="148.22" ytl="74.23" xbr="164.01" ybr="126.68" z_order="0">
    </box>
    <box frame="27" outside="0" occluded="0" keyframe="0" xtl="139.43" ytl="73.34" xbr="155.22" ybr="125.79" z_order="0">
    </box>
    <box frame="28" outside="0" occluded="0" keyframe="0" xtl="130.64" ytl="72.45" xbr="146.43" ybr="124.90" z_order="0">
    </box>
    <box frame="29" outside="0" occluded="0" keyframe="0" xtl="121.85" ytl="71.56" xbr="137.64" ybr="124.01" z_order="0">
    </box>
    <box frame="30" outside="0" occluded="0" keyframe="0" xtl="113.06" ytl="70.67" xbr="128.85" ybr="123.12" z_order="0">
    </box>
    <box frame="31" outside="0" occluded="0" keyframe="0" xtl="104.27" ytl="69.78" xbr="120.06" ybr="122.23" z_order="0">
    </box>
    <box frame="32" outside="0" occluded="0" keyframe="1" xtl="95.49" ytl="68.88" xbr="111.27" ybr="121.33" z_order="0">
    </box>
    <box frame="33" outside="0" occluded="0" keyframe="0" xtl="87.76" ytl="68.29" xbr="103.55" ybr="119.26" z_order="0">
    </box>
    <box frame="34" outside="0" occluded="0" keyframe="0" xtl="80.03" ytl="67.69" xbr="95.82" ybr="117.18" z_order="0">
    </box>
    <box frame="35" outside="0" occluded="0" keyframe="1" xtl="72.30" ytl="67.10" xbr="88.09" ybr="115.10" z_order="0">
    </box>
    <box frame="36" outside="0" occluded="0" keyframe="0" xtl="64.26" ytl="66.21" xbr="79.60" ybr="113.10" z_order="0">
    </box>
    <box frame="37" outside="0" occluded="0" keyframe="0" xtl="56.21" ytl="65.33" xbr="71.11" ybr="111.10" z_order="0">
    </box>
    <box frame="38" outside="0" occluded="0" keyframe="0" xtl="48.16" ytl="64.44" xbr="62.61" ybr="109.10" z_order="0">
    </box>
    <box frame="39" outside="0" occluded="0" keyframe="0" xtl="40.12" ytl="63.55" xbr="54.12" ybr="107.10" z_order="0">
    </box>
    <box frame="40" outside="0" occluded="0" keyframe="1" xtl="32.07" ytl="62.66" xbr="45.63" ybr="105.10" z_order="0">
    </box>
    <box frame="41" outside="0" occluded="0" keyframe="0" xtl="24.97" ytl="61.78" xbr="38.08" ybr="103.10" z_order="0">
    </box>
    <box frame="42" outside="0" occluded="0" keyframe="0" xtl="17.88" ytl="60.89" xbr="30.54" ybr="101.10" z_order="0">
    </box>
    <box frame="43" outside="0" occluded="0" keyframe="1" xtl="10.78" ytl="60.00" xbr="23.00" ybr="99.10" z_order="0">
    </box>
    <box frame="44" outside="0" occluded="0" keyframe="1" xtl="7.68" ytl="59.50" xbr="19.90" ybr="98.60" z_order="0">
    </box>
    <box frame="45" outside="1" occluded="0" keyframe="1" xtl="10.78" ytl="60.00" xbr="23.00" ybr="99.10" z_order="0">
    </box>
    <box frame="46" outside="1" occluded="0" keyframe="1" xtl="10.78" ytl="60.00" xbr="23.00" ybr="99.10" z_order="0">
    </box>
  </track>
  <track id="5" label="car" source="manual">
    <box frame="0" outside="0" occluded="0" keyframe="1" xtl="431.06" ytl="83.90" xbr="452.10" ybr="97.89" z_order="0">
    </box>
    <box frame="1" outside="0" occluded="0" keyframe="0" xtl="430.44" ytl="83.90" xbr="451.64" ybr="98.04" z_order="0">
    </box>
    <box frame="2" outside="0" occluded="0" keyframe="0" xtl="429.81" ytl="83.90" xbr="451.18" ybr="98.20" z_order="0">
    </box>
    <box frame="3" outside="0" occluded="0" keyframe="0" xtl="429.19" ytl="83.90" xbr="450.72" ybr="98.36" z_order="0">
    </box>
    <box frame="4" outside="0" occluded="0" keyframe="0" xtl="428.56" ytl="83.90" xbr="450.26" ybr="98.51" z_order="0">
    </box>
    <box frame="5" outside="0" occluded="0" keyframe="1" xtl="427.94" ytl="83.90" xbr="449.80" ybr="98.67" z_order="0">
    </box>
    <box frame="6" outside="0" occluded="0" keyframe="0" xtl="425.86" ytl="81.82" xbr="447.72" ybr="96.59" z_order="0">
    </box>
    <box frame="7" outside="0" occluded="0" keyframe="0" xtl="423.79" ytl="79.74" xbr="445.64" ybr="94.51" z_order="0">
    </box>
    <box frame="8" outside="0" occluded="0" keyframe="1" xtl="421.71" ytl="77.67" xbr="443.57" ybr="92.43" z_order="0">
    </box>
    <box frame="9" outside="0" occluded="0" keyframe="0" xtl="417.93" ytl="76.30" xbr="439.79" ybr="91.07" z_order="0">
    </box>
    <box frame="10" outside="0" occluded="0" keyframe="0" xtl="414.15" ytl="74.94" xbr="436.01" ybr="89.71" z_order="0">
    </box>
    <box frame="11" outside="0" occluded="0" keyframe="0" xtl="410.37" ytl="73.58" xbr="432.23" ybr="88.34" z_order="0">
    </box>
    <box frame="12" outside="0" occluded="0" keyframe="0" xtl="406.59" ytl="72.21" xbr="428.45" ybr="86.98" z_order="0">
    </box>
    <box frame="13" outside="0" occluded="0" keyframe="1" xtl="402.81" ytl="70.85" xbr="424.67" ybr="85.62" z_order="0">
    </box>
    <box frame="14" outside="0" occluded="0" keyframe="0" xtl="398.20" ytl="69.48" xbr="420.06" ybr="84.25" z_order="0">
    </box>
    <box frame="15" outside="0" occluded="0" keyframe="0" xtl="393.59" ytl="68.12" xbr="415.45" ybr="82.89" z_order="0">
    </box>
    <box frame="16" outside="0" occluded="0" keyframe="1" xtl="388.98" ytl="66.76" xbr="410.84" ybr="81.52" z_order="0">
    </box>
    <box frame="17" outside="0" occluded="0" keyframe="0" xtl="383.30" ytl="67.98" xbr="405.49" ybr="83.08" z_order="0">
    </box>
    <box frame="18" outside="0" occluded="0" keyframe="0" xtl="377.62" ytl="69.21" xbr="400.14" ybr="84.64" z_order="0">
    </box>
    <box frame="19" outside="0" occluded="0" keyframe="1" xtl="371.94" ytl="70.43" xbr="394.79" ybr="86.20" z_order="0">
    </box>
    <box frame="20" outside="0" occluded="0" keyframe="0" xtl="364.90" ytl="70.29" xbr="388.08" ybr="86.39" z_order="0">
    </box>
    <box frame="21" outside="0" occluded="0" keyframe="0" xtl="357.86" ytl="70.16" xbr="381.37" ybr="86.59" z_order="0">
    </box>
    <box frame="22" outside="0" occluded="0" keyframe="0" xtl="350.82" ytl="70.02" xbr="374.65" ybr="86.78" z_order="0">
    </box>
    <box frame="23" outside="0" occluded="0" keyframe="1" xtl="343.78" ytl="69.88" xbr="367.94" ybr="86.98" z_order="0">
    </box>
    <box frame="24" outside="0" occluded="0" keyframe="0" xtl="336.61" ytl="69.88" xbr="360.77" ybr="86.98" z_order="0">
    </box>
    <box frame="25" outside="0" occluded="0" keyframe="0" xtl="329.44" ytl="69.88" xbr="353.60" ybr="86.98" z_order="0">
    </box>
    <box frame="26" outside="0" occluded="0" keyframe="0" xtl="322.27" ytl="69.88" xbr="346.43" ybr="86.98" z_order="0">
    </box>
    <box frame="27" outside="0" occluded="0" keyframe="0" xtl="315.10" ytl="69.88" xbr="339.26" ybr="86.98" z_order="0">
    </box>
    <box frame="28" outside="0" occluded="0" keyframe="1" xtl="307.93" ytl="69.88" xbr="332.09" ybr="86.98" z_order="0">
    </box>
    <box frame="29" outside="0" occluded="0" keyframe="0" xtl="300.53" ytl="70.66" xbr="325.03" ybr="87.76" z_order="0">
    </box>
    <box frame="30" outside="0" occluded="0" keyframe="0" xtl="293.12" ytl="71.44" xbr="317.97" ybr="88.54" z_order="0">
    </box>
    <box frame="31" outside="0" occluded="0" keyframe="1" xtl="285.72" ytl="72.22" xbr="310.91" ybr="89.32" z_order="0">
    </box>
    <box frame="32" outside="0" occluded="0" keyframe="0" xtl="277.80" ytl="71.96" xbr="303.33" ybr="89.06" z_order="0">
    </box>
    <box frame="33" outside="0" occluded="0" keyframe="0" xtl="269.87" ytl="71.70" xbr="295.75" ybr="88.80" z_order="0">
    </box>
    <box frame="34" outside="0" occluded="0" keyframe="1" xtl="261.95" ytl="71.44" xbr="288.17" ybr="88.54" z_order="0">
    </box>
    <box frame="35" outside="0" occluded="0" keyframe="0" xtl="253.12" ytl="71.70" xbr="279.68" ybr="88.80" z_order="0">
    </box>
    <box frame="36" outside="0" occluded="0" keyframe="0" xtl="244.29" ytl="71.96" xbr="271.19" ybr="89.06" z_order="0">
    </box>
    <box frame="37" outside="0" occluded="0" keyframe="1" xtl="235.45" ytl="72.22" xbr="262.70" ybr="89.32" z_order="0">
    </box>
    <box frame="38" outside="0" occluded="0" keyframe="0" xtl="226.77" ytl="71.77" xbr="254.01" ybr="88.87" z_order="0">
    </box>
    <box frame="39" outside="0" occluded="0" keyframe="0" xtl="218.08" ytl="71.31" xbr="245.33" ybr="88.41" z_order="0">
    </box>
    <box frame="40" outside="0" occluded="0" keyframe="0" xtl="209.40" ytl="70.86" xbr="236.64" ybr="87.96" z_order="0">
    </box>
    <box frame="41" outside="0" occluded="0" keyframe="1" xtl="200.71" ytl="70.41" xbr="227.96" ybr="87.51" z_order="0">
    </box>
    <box frame="42" outside="0" occluded="0" keyframe="0" xtl="192.55" ytl="71.53" xbr="219.80" ybr="88.63" z_order="0">
    </box>
    <box frame="43" outside="0" occluded="0" keyframe="0" xtl="184.39" ytl="72.65" xbr="211.63" ybr="89.75" z_order="0">
    </box>
    <box frame="44" outside="0" occluded="0" keyframe="1" xtl="176.23" ytl="73.78" xbr="203.47" ybr="90.88" z_order="0">
    </box>
    <box frame="45" outside="0" occluded="0" keyframe="0" xtl="170.61" ytl="72.65" xbr="197.85" ybr="89.75" z_order="0">
    </box>
    <box frame="46" outside="0" occluded="0" keyframe="1" xtl="164.99" ytl="71.53" xbr="192.23" ybr="88.63" z_order="0">
    </box>
    <box frame="47" outside="0" occluded="0" keyframe="0" xtl="158.99" ytl="70.33" xbr="186.24" ybr="87.43" z_order="0">
    </box>
    <box frame="48" outside="0" occluded="0" keyframe="0" xtl="153.00" ytl="69.13" xbr="180.25" ybr="86.23" z_order="0">
    </box>
    <box frame="49" outside="0" occluded="0" keyframe="1" xtl="147.01" ytl="67.93" xbr="174.25" ybr="85.03" z_order="0">
    </box>
    <box frame="50" outside="1" occluded="0" keyframe="1" xtl="147.01" ytl="67.93" xbr="174.25" ybr="85.03" z_order="0">
    </box>
  </track>
  <track id="6" label="rider" source="manual">
    <box frame="0" outside="0" occluded="0" keyframe="1" xtl="216.37" ytl="72.27" xbr="228.80" ybr="114.61" z_order="0">
    </box>
    <box frame="1" outside="0" occluded="0" keyframe="0" xtl="213.26" ytl="69.27" xbr="225.69" ybr="111.62" z_order="0">
    </box>
    <box frame="2" outside="0" occluded="0" keyframe="1" xtl="210.15" ytl="66.28" xbr="222.58" ybr="108.63" z_order="0">
    </box>
    <box frame="3" outside="0" occluded="0" keyframe="0" xtl="206.82" ytl="66.28" xbr="219.25" ybr="108.63" z_order="0">
    </box>
    <box frame="4" outside="0" occluded="0" keyframe="1" xtl="203.48" ytl="66.28" xbr="215.91" ybr="108.63" z_order="0">
    </box>
    <box frame="5" outside="0" occluded="0" keyframe="0" xtl="199.35" ytl="65.93" xbr="211.32" ybr="106.21" z_order="0">
    </box>
    <box frame="6" outside="0" occluded="0" keyframe="0" xtl="195.23" ytl="65.57" xbr="206.73" ybr="103.79" z_order="0">
    </box>
    <box frame="7" outside="0" occluded="0" keyframe="0" xtl="191.11" ytl="65.21" xbr="202.14" ybr="101.37" z_order="0">
    </box>
    <box frame="8" outside="0" occluded="0" keyframe="1" xtl="186.98" ytl="64.86" xbr="197.55" ybr="98.95" z_order="0">
    </box>
    <box frame="9" outside="0" occluded="0" keyframe="1" xtl="182.57" ytl="69.97" xbr="192.67" ybr="102.00" z_order="0">
    </box>
    <box frame="10" outside="0" occluded="0" keyframe="0" xtl="178.04" ytl="71.19" xbr="187.68" ybr="102.70" z_order="0">
    </box>
    <box frame="11" outside="0" occluded="0" keyframe="0" xtl="173.52" ytl="72.42" xbr="182.69" ybr="103.40" z_order="0">
    </box>
    <box frame="12" outside="0" occluded="0" keyframe="1" xtl="168.99" ytl="73.65" xbr="177.70" ybr="104.10" z_order="0">
    </box>
    <box frame="13" outside="0" occluded="0" keyframe="1" xtl="166.20" ytl="73.42" xbr="172.41" ybr="103.87" z_order="0">
    </box>
    <box frame="14" outside="0" occluded="0" keyframe="0" xtl="161.04" ytl="72.67" xbr="167.24" ybr="103.12" z_order="0">
    </box>
    <box frame="15" outside="0" occluded="0" keyframe="0" xtl="155.88" ytl="71.92" xbr="162.08" ybr="102.37" z_order="0">
    </box>
    <box frame="16" outside="0" occluded="0" keyframe="0" xtl="150.71" ytl="71.17" xbr="156.92" ybr="101.62" z_order="0">
    </box>
    <box frame="17" outside="0" occluded="0" keyframe="0" xtl="145.55" ytl="70.42" xbr="151.76" ybr="100.87" z_order="0">
    </box>
    <box frame="18" outside="0" occluded="0" keyframe="1" xtl="140.39" ytl="69.67" xbr="146.60" ybr="100.12" z_order="0">
    </box>
    <box frame="19" outside="0" occluded="0" keyframe="0" xtl="134.42" ytl="69.24" xbr="140.63" ybr="99.70" z_order="0">
    </box>
    <box frame="20" outside="0" occluded="0" keyframe="1" xtl="128.45" ytl="68.82" xbr="134.66" ybr="99.27" z_order="0">
    </box>
    <box frame="21" outside="0" occluded="0" keyframe="1" xtl="123.62" ytl="67.44" xbr="129.60" ybr="94.70" z_order="0">
    </box>
    <box frame="22" outside="0" occluded="0" keyframe="0" xtl="117.41" ytl="67.13" xbr="123.39" ybr="93.40" z_order="0">
    </box>
    <box frame="23" outside="0" occluded="0" keyframe="0" xtl="111.19" ytl="66.82" xbr="117.17" ybr="92.10" z_order="0">
    </box>
    <box frame="24" outside="0" occluded="0" keyframe="1" xtl="104.98" ytl="66.52" xbr="110.96" ybr="90.80" z_order="0">
    </box>
    <box frame="25" outside="1" occluded="0" keyframe="1" xtl="104.98" ytl="66.52" xbr="110.96" ybr="90.80" z_order="0">
    </box>
  </track>
  <track id="7" label="person" source="manual">
    <box frame="0" outside="0" occluded="0" keyframe="1" xtl="229.49" ytl="73.65" xbr="235.47" ybr="102.42" z_order="0">
    </box>
    <box frame="1" outside="0" occluded="0" keyframe="0" xtl="228.68" ytl="72.55" xbr="234.67" ybr="101.32" z_order="0">
    </box>
    <box frame="2" outside="0" occluded="0" keyframe="1" xtl="227.88" ytl="71.46" xbr="233.86" ybr="100.23" z_order="0">
    </box>
    <box frame="3" outside="0" occluded="0" keyframe="0" xtl="225.23" ytl="70.60" xbr="231.21" ybr="99.37" z_order="0">
    </box>
    <box frame="4" outside="0" occluded="0" keyframe="1" xtl="222.58" ytl="69.73" xbr="228.57" ybr="98.50" z_order="0">
    </box>
    <box frame="5" outside="0" occluded="0" keyframe="0" xtl="219.49" ytl="69.27" xbr="225.47" ybr="98.04" z_order="0">
    </box>
    <box frame="6" outside="0" occluded="0" keyframe="1" xtl="216.39" ytl="68.80" xbr="222.38" ybr="97.57" z_order="0">
    </box>
    <box frame="7" outside="0" occluded="0" keyframe="0" xtl="212.01" ytl="70.17" xbr="218.00" ybr="98.94" z_order="0">
    </box>
    <box frame="8" outside="0" occluded="0" keyframe="0" xtl="207.63" ytl="71.55" xbr="213.61" ybr="100.32" z_order="0">
    </box>
    <box frame="9" outside="0" occluded="0" keyframe="1" xtl="203.24" ytl="72.92" xbr="209.23" ybr="101.69" z_order="-1">
    </box>
    <box frame="10" outside="0" occluded="0" keyframe="0" xtl="198.86" ytl="74.29" xbr="204.85" ybr="103.06" z_order="-1">
    </box>
    <box frame="11" outside="0" occluded="0" keyframe="1" xtl="194.48" ytl="75.67" xbr="200.46" ybr="104.44" z_order="0">
    </box>
    <box frame="12" outside="0" occluded="0" keyframe="0" xtl="189.43" ytl="74.89" xbr="195.41" ybr="103.66" z_order="0">
    </box>
    <box frame="13" outside="0" occluded="0" keyframe="1" xtl="184.38" ytl="74.11" xbr="190.36" ybr="102.88" z_order="0">
    </box>
    <box frame="14" outside="0" occluded="0" keyframe="1" xtl="178.39" ytl="74.80" xbr="184.38" ybr="103.57" z_order="0">
    </box>
    <box frame="15" outside="0" occluded="0" keyframe="1" xtl="172.41" ytl="73.65" xbr="178.39" ybr="102.42" z_order="0">
    </box>
    <box frame="16" outside="0" occluded="0" keyframe="0" xtl="166.04" ytl="72.57" xbr="172.02" ybr="101.34" z_order="0">
    </box>
    <box frame="17" outside="0" occluded="0" keyframe="0" xtl="159.67" ytl="71.50" xbr="165.66" ybr="100.27" z_order="0">
    </box>
    <box frame="18" outside="0" occluded="0" keyframe="1" xtl="153.31" ytl="70.42" xbr="159.29" ybr="99.19" z_order="0">
    </box>
    <box frame="19" outside="0" occluded="0" keyframe="0" xtl="146.23" ytl="70.14" xbr="152.21" ybr="98.91" z_order="0">
    </box>
    <box frame="20" outside="0" occluded="0" keyframe="0" xtl="139.15" ytl="69.85" xbr="145.13" ybr="98.62" z_order="0">
    </box>
    <box frame="21" outside="0" occluded="0" keyframe="0" xtl="132.07" ytl="69.56" xbr="138.06" ybr="98.33" z_order="0">
    </box>
    <box frame="22" outside="0" occluded="0" keyframe="1" xtl="125.00" ytl="69.27" xbr="130.98" ybr="98.04" z_order="0">
    </box>
    <box frame="23" outside="0" occluded="0" keyframe="0" xtl="117.52" ytl="68.35" xbr="123.50" ybr="97.12" z_order="0">
    </box>
    <box frame="24" outside="0" occluded="0" keyframe="1" xtl="110.03" ytl="67.43" xbr="116.02" ybr="96.20" z_order="0">
    </box>
    <box frame="25" outside="0" occluded="0" keyframe="0" xtl="103.13" ytl="67.89" xbr="109.11" ybr="96.66" z_order="0">
    </box>
    <box frame="26" outside="0" occluded="0" keyframe="1" xtl="96.22" ytl="68.35" xbr="102.21" ybr="97.12" z_order="0">
    </box>
    <box frame="27" outside="1" occluded="0" keyframe="1" xtl="96.22" ytl="68.35" xbr="102.21" ybr="97.12" z_order="0">
    </box>
  </track>
  <track id="8" label="person" source="manual">
    <box frame="0" outside="0" occluded="0" keyframe="1" xtl="235.47" ytl="75.95" xbr="244.68" ybr="125.89" z_order="0">
    </box>
    <box frame="1" outside="0" occluded="0" keyframe="0" xtl="232.48" ytl="74.11" xbr="241.69" ybr="124.05" z_order="0">
    </box>
    <box frame="2" outside="0" occluded="0" keyframe="0" xtl="229.49" ytl="72.27" xbr="238.69" ybr="122.21" z_order="0">
    </box>
    <box frame="3" outside="0" occluded="0" keyframe="1" xtl="226.50" ytl="70.42" xbr="235.70" ybr="120.37" z_order="0">
    </box>
    <box frame="4" outside="0" occluded="0" keyframe="0" xtl="221.49" ytl="70.02" xbr="230.63" ybr="120.25" z_order="0">
    </box>
    <box frame="5" outside="0" occluded="0" keyframe="0" xtl="216.48" ytl="69.62" xbr="225.55" ybr="120.13" z_order="0">
    </box>
    <box frame="6" outside="0" occluded="0" keyframe="0" xtl="211.48" ytl="69.22" xbr="220.48" ybr="120.02" z_order="0">
    </box>
    <box frame="7" outside="0" occluded="0" keyframe="1" xtl="206.47" ytl="68.81" xbr="215.40" ybr="119.90" z_order="0">
    </box>
    <box frame="8" outside="0" occluded="0" keyframe="0" xtl="200.56" ytl="71.34" xbr="209.49" ybr="122.43" z_order="0">
    </box>
    <box frame="9" outside="0" occluded="0" keyframe="0" xtl="194.66" ytl="73.88" xbr="203.58" ybr="124.96" z_order="0">
    </box>
    <box frame="10" outside="0" occluded="0" keyframe="1" xtl="188.75" ytl="76.41" xbr="197.68" ybr="127.49" z_order="0">
    </box>
    <box frame="11" outside="0" occluded="0" keyframe="0" xtl="182.19" ytl="76.52" xbr="191.12" ybr="127.61" z_order="0">
    </box>
    <box frame="12" outside="0" occluded="0" keyframe="1" xtl="175.63" ytl="76.64" xbr="184.56" ybr="127.73" z_order="0">
    </box>
    <box frame="13" outside="0" occluded="0" keyframe="0" xtl="169.01" ytl="76.93" xbr="177.94" ybr="127.86" z_order="0">
    </box>
    <box frame="14" outside="0" occluded="0" keyframe="1" xtl="162.40" ytl="77.21" xbr="171.32" ybr="128.00" z_order="0">
    </box>
    <box frame="15" outside="0" occluded="0" keyframe="0" xtl="154.47" ytl="76.51" xbr="163.40" ybr="127.30" z_order="0">
    </box>
    <box frame="16" outside="0" occluded="0" keyframe="0" xtl="146.54" ytl="75.81" xbr="155.47" ybr="126.59" z_order="0">
    </box>
    <box frame="17" outside="0" occluded="0" keyframe="1" xtl="138.61" ytl="75.10" xbr="147.54" ybr="125.89" z_order="0">
    </box>
    <box frame="18" outside="0" occluded="0" keyframe="0" xtl="130.89" ytl="74.38" xbr="139.63" ybr="124.94" z_order="0">
    </box>
    <box frame="19" outside="0" occluded="0" keyframe="0" xtl="123.17" ytl="73.67" xbr="131.72" ybr="124.00" z_order="0">
    </box>
    <box frame="20" outside="0" occluded="0" keyframe="0" xtl="115.45" ytl="72.95" xbr="123.81" ybr="123.05" z_order="0">
    </box>
    <box frame="21" outside="0" occluded="0" keyframe="1" xtl="107.73" ytl="72.23" xbr="115.90" ybr="122.10" z_order="0">
    </box>
    <box frame="22" outside="0" occluded="0" keyframe="0" xtl="99.87" ytl="71.78" xbr="108.04" ybr="121.65" z_order="0">
    </box>
    <box frame="23" outside="0" occluded="0" keyframe="0" xtl="92.01" ytl="71.33" xbr="100.17" ybr="121.20" z_order="0">
    </box>
    <box frame="24" outside="0" occluded="0" keyframe="1" xtl="84.14" ytl="70.88" xbr="92.31" ybr="120.76" z_order="0">
    </box>
    <box frame="25" outside="0" occluded="0" keyframe="0" xtl="76.52" ytl="69.64" xbr="84.68" ybr="118.84" z_order="0">
    </box>
    <box frame="26" outside="0" occluded="0" keyframe="0" xtl="68.89" ytl="68.39" xbr="77.06" ybr="116.93" z_order="0">
    </box>
    <box frame="27" outside="0" occluded="0" keyframe="0" xtl="61.27" ytl="67.14" xbr="69.44" ybr="115.01" z_order="0">
    </box>
    <box frame="28" outside="0" occluded="0" keyframe="1" xtl="53.65" ytl="65.90" xbr="61.81" ybr="113.10" z_order="0">
    </box>
    <box frame="29" outside="0" occluded="0" keyframe="0" xtl="46.93" ytl="65.77" xbr="55.10" ybr="112.20" z_order="0">
    </box>
    <box frame="30" outside="0" occluded="0" keyframe="0" xtl="40.22" ytl="65.64" xbr="48.39" ybr="111.30" z_order="0">
    </box>
    <box frame="31" outside="0" occluded="0" keyframe="1" xtl="33.51" ytl="65.51" xbr="41.67" ybr="110.40" z_order="0">
    </box>
    <box frame="32" outside="0" occluded="0" keyframe="0" xtl="27.05" ytl="65.00" xbr="35.22" ybr="109.13" z_order="0">
    </box>
    <box frame="33" outside="0" occluded="0" keyframe="0" xtl="20.59" ytl="64.49" xbr="28.76" ybr="107.87" z_order="0">
    </box>
    <box frame="34" outside="0" occluded="0" keyframe="1" xtl="14.14" ytl="63.98" xbr="22.30" ybr="106.60" z_order="0">
    </box>
    <box frame="35" outside="0" occluded="0" keyframe="0" xtl="7.07" ytl="63.60" xbr="14.44" ybr="106.22" z_order="0">
    </box>
    <box frame="36" outside="0" occluded="0" keyframe="1" xtl="0.00" ytl="63.21" xbr="6.57" ybr="105.83" z_order="0">
    </box>
    <box frame="37" outside="1" occluded="0" keyframe="1" xtl="0.00" ytl="63.21" xbr="6.57" ybr="105.83" z_order="0">
    </box>
  </track>
  <track id="9" label="person" source="manual">
    <box frame="0" outside="0" occluded="0" keyframe="1" xtl="243.71" ytl="77.59" xbr="251.59" ybr="125.16" z_order="0">
    </box>
    <box frame="1" outside="0" occluded="0" keyframe="0" xtl="240.77" ytl="75.87" xbr="248.65" ybr="123.43" z_order="0">
    </box>
    <box frame="2" outside="0" occluded="0" keyframe="0" xtl="237.83" ytl="74.14" xbr="245.71" ybr="121.71" z_order="0">
    </box>
    <box frame="3" outside="0" occluded="0" keyframe="1" xtl="234.89" ytl="72.42" xbr="242.77" ybr="119.98" z_order="0">
    </box>
    <box frame="4" outside="0" occluded="0" keyframe="0" xtl="229.42" ytl="73.15" xbr="237.31" ybr="120.72" z_order="0">
    </box>
    <box frame="5" outside="0" occluded="0" keyframe="0" xtl="223.96" ytl="73.89" xbr="231.84" ybr="121.45" z_order="0">
    </box>
    <box frame="6" outside="0" occluded="0" keyframe="0" xtl="218.49" ytl="74.62" xbr="226.37" ybr="122.19" z_order="0">
    </box>
    <box frame="7" outside="0" occluded="0" keyframe="0" xtl="213.02" ytl="75.36" xbr="220.91" ybr="122.92" z_order="0">
    </box>
    <box frame="8" outside="0" occluded="0" keyframe="0" xtl="207.56" ytl="76.09" xbr="215.44" ybr="123.66" z_order="0">
    </box>
    <box frame="9" outside="0" occluded="0" keyframe="1" xtl="202.09" ytl="76.83" xbr="209.97" ybr="124.39" z_order="0">
    </box>
    <box frame="10" outside="0" occluded="0" keyframe="0" xtl="195.89" ytl="77.47" xbr="203.77" ybr="125.59" z_order="0">
    </box>
    <box frame="11" outside="0" occluded="0" keyframe="0" xtl="189.69" ytl="78.10" xbr="197.57" ybr="126.80" z_order="0">
    </box>
    <box frame="12" outside="0" occluded="0" keyframe="1" xtl="183.49" ytl="78.74" xbr="191.37" ybr="128.00" z_order="0">
    </box>
    <box frame="13" outside="0" occluded="0" keyframe="0" xtl="176.44" ytl="78.26" xbr="184.32" ybr="127.52" z_order="0">
    </box>
    <box frame="14" outside="0" occluded="0" keyframe="0" xtl="169.39" ytl="77.79" xbr="177.27" ybr="127.04" z_order="0">
    </box>
    <box frame="15" outside="0" occluded="0" keyframe="0" xtl="162.34" ytl="77.31" xbr="170.22" ybr="126.56" z_order="0">
    </box>
    <box frame="16" outside="0" occluded="0" keyframe="1" xtl="155.29" ytl="76.83" xbr="163.18" ybr="126.08" z_order="0">
    </box>
    <box frame="17" outside="0" occluded="0" keyframe="0" xtl="147.29" ytl="76.01" xbr="155.17" ybr="125.27" z_order="0">
    </box>
    <box frame="18" outside="0" occluded="0" keyframe="0" xtl="139.28" ytl="75.20" xbr="147.16" ybr="124.45" z_order="0">
    </box>
    <box frame="19" outside="0" occluded="0" keyframe="0" xtl="131.27" ytl="74.38" xbr="139.15" ybr="123.64" z_order="0">
    </box>
    <box frame="20" outside="0" occluded="0" keyframe="1" xtl="123.26" ytl="73.57" xbr="131.14" ybr="122.82" z_order="0">
    </box>
    <box frame="21" outside="0" occluded="0" keyframe="0" xtl="115.52" ytl="72.77" xbr="123.40" ybr="121.53" z_order="0">
    </box>
    <box frame="22" outside="0" occluded="0" keyframe="0" xtl="107.77" ytl="71.98" xbr="115.66" ybr="120.24" z_order="0">
    </box>
    <box frame="23" outside="0" occluded="0" keyframe="0" xtl="100.03" ytl="71.19" xbr="107.91" ybr="118.95" z_order="0">
    </box>
    <box frame="24" outside="0" occluded="0" keyframe="0" xtl="92.29" ytl="70.40" xbr="100.17" ybr="117.66" z_order="0">
    </box>
    <box frame="25" outside="0" occluded="0" keyframe="0" xtl="84.54" ytl="69.61" xbr="92.42" ybr="116.37" z_order="0">
    </box>
    <box frame="26" outside="0" occluded="0" keyframe="0" xtl="76.80" ytl="68.82" xbr="84.68" ybr="115.08" z_order="0">
    </box>
    <box frame="27" outside="0" occluded="0" keyframe="0" xtl="69.05" ytl="68.03" xbr="76.94" ybr="113.79" z_order="0">
    </box>
    <box frame="28" outside="0" occluded="0" keyframe="1" xtl="61.31" ytl="67.24" xbr="69.19" ybr="112.50" z_order="0">
    </box>
    <box frame="29" outside="0" occluded="0" keyframe="0" xtl="54.72" ytl="66.92" xbr="62.61" ybr="111.33" z_order="0">
    </box>
    <box frame="30" outside="0" occluded="0" keyframe="0" xtl="48.14" ytl="66.60" xbr="56.02" ybr="110.17" z_order="0">
    </box>
    <box frame="31" outside="0" occluded="0" keyframe="1" xtl="41.55" ytl="66.28" xbr="49.44" ybr="109.00" z_order="0">
    </box>
    <box frame="32" outside="0" occluded="0" keyframe="0" xtl="34.61" ytl="65.78" xbr="42.41" ybr="108.38" z_order="0">
    </box>
    <box frame="33" outside="0" occluded="0" keyframe="0" xtl="27.67" ytl="65.28" xbr="35.38" ybr="107.76" z_order="0">
    </box>
    <box frame="34" outside="0" occluded="0" keyframe="0" xtl="20.72" ytl="64.78" xbr="28.35" ybr="107.14" z_order="0">
    </box>
    <box frame="35" outside="0" occluded="0" keyframe="0" xtl="13.78" ytl="64.28" xbr="21.33" ybr="106.52" z_order="0">
    </box>
    <box frame="36" outside="0" occluded="0" keyframe="1" xtl="6.84" ytl="63.78" xbr="14.30" ybr="105.90" z_order="0">
    </box>
    <box frame="37" outside="1" occluded="0" keyframe="1" xtl="6.84" ytl="63.78" xbr="14.30" ybr="105.90" z_order="0">
    </box>
  </track>
  <track id="10" label="person" source="manual">
    <box frame="0" outside="0" occluded="0" keyframe="1" xtl="257.92" ytl="76.63" xbr="267.32" ybr="121.50" z_order="0">
    </box>
    <box frame="1" outside="0" occluded="0" keyframe="0" xtl="254.71" ytl="75.29" xbr="264.11" ybr="120.16" z_order="0">
    </box>
    <box frame="2" outside="0" occluded="0" keyframe="0" xtl="251.50" ytl="73.95" xbr="260.90" ybr="118.81" z_order="0">
    </box>
    <box frame="3" outside="0" occluded="0" keyframe="0" xtl="248.28" ytl="72.61" xbr="257.68" ybr="117.47" z_order="0">
    </box>
    <box frame="4" outside="0" occluded="0" keyframe="1" xtl="245.07" ytl="71.26" xbr="254.47" ybr="116.13" z_order="0">
    </box>
    <box frame="5" outside="0" occluded="0" keyframe="0" xtl="239.82" ytl="71.34" xbr="249.22" ybr="117.50" z_order="0">
    </box>
    <box frame="6" outside="0" occluded="0" keyframe="0" xtl="234.56" ytl="71.42" xbr="243.96" ybr="118.88" z_order="0">
    </box>
    <box frame="7" outside="0" occluded="0" keyframe="0" xtl="229.31" ytl="71.49" xbr="238.70" ybr="120.25" z_order="0">
    </box>
    <box frame="8" outside="0" occluded="0" keyframe="0" xtl="224.05" ytl="71.57" xbr="233.45" ybr="121.63" z_order="0">
    </box>
    <box frame="9" outside="0" occluded="0" keyframe="1" xtl="218.80" ytl="71.65" xbr="228.19" ybr="123.00" z_order="0">
    </box>
    <box frame="10" outside="0" occluded="0" keyframe="0" xtl="212.93" ytl="71.69" xbr="222.33" ybr="123.04" z_order="0">
    </box>
    <box frame="11" outside="0" occluded="0" keyframe="0" xtl="207.06" ytl="71.72" xbr="216.46" ybr="123.08" z_order="0">
    </box>
    <box frame="12" outside="0" occluded="0" keyframe="0" xtl="201.19" ytl="71.76" xbr="210.59" ybr="123.11" z_order="0">
    </box>
    <box frame="13" outside="0" occluded="0" keyframe="0" xtl="195.32" ytl="71.80" xbr="204.72" ybr="123.15" z_order="0">
    </box>
    <box frame="14" outside="0" occluded="0" keyframe="1" xtl="189.45" ytl="71.84" xbr="198.85" ybr="123.19" z_order="0">
    </box>
    <box frame="15" outside="0" occluded="0" keyframe="0" xtl="182.31" ytl="70.93" xbr="191.70" ybr="121.52" z_order="0">
    </box>
    <box frame="16" outside="0" occluded="0" keyframe="0" xtl="175.16" ytl="70.02" xbr="184.56" ybr="119.85" z_order="0">
    </box>
    <box frame="17" outside="0" occluded="0" keyframe="0" xtl="168.02" ytl="69.11" xbr="177.42" ybr="118.17" z_order="0">
    </box>
    <box frame="18" outside="0" occluded="0" keyframe="1" xtl="160.87" ytl="68.20" xbr="170.27" ybr="116.50" z_order="0">
    </box>
    <box frame="19" outside="0" occluded="0" keyframe="0" xtl="153.78" ytl="68.20" xbr="162.98" ybr="114.40" z_order="0">
    </box>
    <box frame="20" outside="0" occluded="0" keyframe="0" xtl="146.68" ytl="68.20" xbr="155.69" ybr="112.30" z_order="0">
    </box>
    <box frame="21" outside="0" occluded="0" keyframe="0" xtl="139.58" ytl="68.20" xbr="148.39" ybr="110.20" z_order="0">
    </box>
    <box frame="22" outside="0" occluded="0" keyframe="1" xtl="132.49" ytl="68.20" xbr="141.10" ybr="108.10" z_order="0">
    </box>
    <box frame="23" outside="0" occluded="0" keyframe="0" xtl="125.26" ytl="67.62" xbr="133.88" ybr="109.55" z_order="0">
    </box>
    <box frame="24" outside="0" occluded="0" keyframe="1" xtl="118.04" ytl="67.04" xbr="126.65" ybr="111.00" z_order="0">
    </box>
    <box frame="25" outside="0" occluded="0" keyframe="1" xtl="110.81" ytl="66.47" xbr="119.43" ybr="108.70" z_order="0">
    </box>
    <box frame="26" outside="0" occluded="0" keyframe="1" xtl="102.95" ytl="66.66" xbr="111.56" ybr="107.30" z_order="0">
    </box>
    <box frame="27" outside="0" occluded="0" keyframe="0" xtl="96.05" ytl="64.94" xbr="104.66" ybr="105.57" z_order="0">
    </box>
    <box frame="28" outside="0" occluded="0" keyframe="1" xtl="89.14" ytl="63.21" xbr="97.75" ybr="103.85" z_order="0">
    </box>
    <box frame="29" outside="0" occluded="0" keyframe="0" xtl="82.36" ytl="63.34" xbr="90.98" ybr="103.98" z_order="0">
    </box>
    <box frame="30" outside="0" occluded="0" keyframe="0" xtl="75.59" ytl="63.46" xbr="84.20" ybr="104.10" z_order="0">
    </box>
    <box frame="31" outside="0" occluded="0" keyframe="1" xtl="68.81" ytl="63.59" xbr="77.42" ybr="104.23" z_order="0">
    </box>
    <box frame="32" outside="0" occluded="0" keyframe="0" xtl="61.84" ytl="62.95" xbr="70.45" ybr="102.45" z_order="0">
    </box>
    <box frame="33" outside="0" occluded="0" keyframe="0" xtl="54.87" ytl="62.31" xbr="63.49" ybr="100.68" z_order="0">
    </box>
    <box frame="34" outside="0" occluded="0" keyframe="1" xtl="47.90" ytl="61.67" xbr="56.52" ybr="98.90" z_order="0">
    </box>
    <box frame="35" outside="0" occluded="0" keyframe="0" xtl="40.87" ytl="61.23" xbr="49.48" ybr="97.80" z_order="0">
    </box>
    <box frame="36" outside="0" occluded="0" keyframe="0" xtl="33.84" ytl="60.78" xbr="42.45" ybr="96.70" z_order="0">
    </box>
    <box frame="37" outside="0" occluded="0" keyframe="1" xtl="26.81" ytl="60.33" xbr="35.42" ybr="95.60" z_order="0">
    </box>
    <box frame="38" outside="1" occluded="0" keyframe="1" xtl="26.81" ytl="60.33" xbr="35.42" ybr="95.60" z_order="0">
    </box>
  </track>
  <track id="11" label="person" source="manual">
    <box frame="0" outside="0" occluded="0" keyframe="1" xtl="354.88" ytl="77.36" xbr="364.83" ybr="127.87" z_order="0">
    </box>
    <box frame="1" outside="0" occluded="0" keyframe="0" xtl="351.14" ytl="76.32" xbr="361.09" ybr="126.30" z_order="0">
    </box>
    <box frame="2" outside="0" occluded="0" keyframe="0" xtl="347.40" ytl="75.28" xbr="357.35" ybr="124.74" z_order="0">
    </box>
    <box frame="3" outside="0" occluded="0" keyframe="0" xtl="343.66" ytl="74.24" xbr="353.61" ybr="123.17" z_order="0">
    </box>
    <box frame="4" outside="0" occluded="0" keyframe="1" xtl="339.92" ytl="73.20" xbr="349.87" ybr="121.60" z_order="0">
    </box>
    <box frame="5" outside="0" occluded="0" keyframe="0" xtl="333.72" ytl="72.15" xbr="343.67" ybr="120.03" z_order="0">
    </box>
    <box frame="6" outside="0" occluded="0" keyframe="0" xtl="327.52" ytl="71.11" xbr="337.46" ybr="118.47" z_order="0">
    </box>
    <box frame="7" outside="0" occluded="0" keyframe="1" xtl="321.32" ytl="70.07" xbr="331.26" ybr="116.90" z_order="0">
    </box>
    <box frame="8" outside="0" occluded="0" keyframe="0" xtl="313.31" ytl="69.76" xbr="323.25" ybr="116.59" z_order="0">
    </box>
    <box frame="9" outside="0" occluded="0" keyframe="0" xtl="305.30" ytl="69.45" xbr="315.25" ybr="116.28" z_order="0">
    </box>
    <box frame="10" outside="0" occluded="0" keyframe="0" xtl="297.30" ytl="69.14" xbr="307.24" ybr="115.97" z_order="0">
    </box>
    <box frame="11" outside="0" occluded="0" keyframe="0" xtl="289.29" ytl="68.83" xbr="299.23" ybr="115.65" z_order="0">
    </box>
    <box frame="12" outside="0" occluded="0" keyframe="0" xtl="281.28" ytl="68.51" xbr="291.22" ybr="115.34" z_order="0">
    </box>
    <box frame="13" outside="0" occluded="0" keyframe="0" xtl="273.27" ytl="68.20" xbr="283.22" ybr="115.03" z_order="0">
    </box>
    <box frame="14" outside="0" occluded="0" keyframe="0" xtl="265.27" ytl="67.89" xbr="275.21" ybr="114.72" z_order="0">
    </box>
    <box frame="15" outside="0" occluded="0" keyframe="1" xtl="257.26" ytl="67.58" xbr="267.20" ybr="114.41" z_order="0">
    </box>
    <box frame="16" outside="0" occluded="0" keyframe="0" xtl="247.65" ytl="67.15" xbr="257.60" ybr="113.98" z_order="0">
    </box>
    <box frame="17" outside="0" occluded="0" keyframe="0" xtl="238.05" ytl="66.72" xbr="247.99" ybr="113.54" z_order="0">
    </box>
    <box frame="18" outside="0" occluded="0" keyframe="0" xtl="228.44" ytl="66.28" xbr="238.38" ybr="113.11" z_order="0">
    </box>
    <box frame="19" outside="0" occluded="0" keyframe="0" xtl="218.83" ytl="65.85" xbr="228.78" ybr="112.68" z_order="0">
    </box>
    <box frame="20" outside="0" occluded="0" keyframe="0" xtl="209.23" ytl="65.42" xbr="219.17" ybr="112.25" z_order="0">
    </box>
    <box frame="21" outside="0" occluded="0" keyframe="0" xtl="199.62" ytl="64.99" xbr="209.57" ybr="111.82" z_order="0">
    </box>
    <box frame="22" outside="0" occluded="0" keyframe="0" xtl="190.02" ytl="64.56" xbr="199.96" ybr="111.39" z_order="0">
    </box>
    <box frame="23" outside="0" occluded="0" keyframe="0" xtl="180.41" ytl="64.13" xbr="190.35" ybr="110.95" z_order="0">
    </box>
    <box frame="24" outside="0" occluded="0" keyframe="0" xtl="170.81" ytl="63.70" xbr="180.75" ybr="110.52" z_order="0">
    </box>
    <box frame="25" outside="0" occluded="0" keyframe="0" xtl="161.20" ytl="63.26" xbr="171.14" ybr="110.09" z_order="0">
    </box>
    <box frame="26" outside="0" occluded="0" keyframe="0" xtl="151.59" ytl="62.83" xbr="161.54" ybr="109.66" z_order="0">
    </box>
    <box frame="27" outside="0" occluded="0" keyframe="1" xtl="141.99" ytl="62.40" xbr="151.93" ybr="109.23" z_order="0">
    </box>
    <box frame="28" outside="0" occluded="0" keyframe="0" xtl="133.84" ytl="62.09" xbr="143.78" ybr="108.92" z_order="0">
    </box>
    <box frame="29" outside="0" occluded="0" keyframe="0" xtl="125.68" ytl="61.78" xbr="135.63" ybr="108.60" z_order="0">
    </box>
    <box frame="30" outside="0" occluded="0" keyframe="0" xtl="117.53" ytl="61.47" xbr="127.48" ybr="108.29" z_order="0">
    </box>
    <box frame="31" outside="0" occluded="0" keyframe="0" xtl="109.38" ytl="61.15" xbr="119.32" ybr="107.98" z_order="0">
    </box>
    <box frame="32" outside="0" occluded="0" keyframe="0" xtl="101.23" ytl="60.84" xbr="111.17" ybr="107.67" z_order="0">
    </box>
    <box frame="33" outside="0" occluded="0" keyframe="0" xtl="93.08" ytl="60.53" xbr="103.02" ybr="107.36" z_order="0">
    </box>
    <box frame="34" outside="0" occluded="0" keyframe="0" xtl="84.93" ytl="60.22" xbr="94.87" ybr="107.05" z_order="0">
    </box>
    <box frame="35" outside="0" occluded="0" keyframe="1" xtl="76.78" ytl="59.91" xbr="86.72" ybr="106.73" z_order="0">
    </box>
    <box frame="36" outside="0" occluded="0" keyframe="0" xtl="68.47" ytl="59.04" xbr="78.41" ybr="105.26" z_order="0">
    </box>
    <box frame="37" outside="0" occluded="0" keyframe="0" xtl="60.15" ytl="58.18" xbr="70.10" ybr="103.79" z_order="0">
    </box>
    <box frame="38" outside="0" occluded="0" keyframe="0" xtl="51.84" ytl="57.32" xbr="61.79" ybr="102.32" z_order="0">
    </box>
    <box frame="39" outside="0" occluded="0" keyframe="0" xtl="43.53" ytl="56.45" xbr="53.47" ybr="100.84" z_order="0">
    </box>
    <box frame="40" outside="0" occluded="0" keyframe="0" xtl="35.22" ytl="55.59" xbr="45.16" ybr="99.37" z_order="0">
    </box>
    <box frame="41" outside="0" occluded="0" keyframe="1" xtl="26.91" ytl="54.73" xbr="36.85" ybr="97.90" z_order="0">
    </box>
    <box frame="42" outside="0" occluded="0" keyframe="0" xtl="21.03" ytl="54.79" xbr="30.97" ybr="97.20" z_order="0">
    </box>
    <box frame="43" outside="0" occluded="0" keyframe="0" xtl="15.14" ytl="54.86" xbr="25.09" ybr="96.50" z_order="0">
    </box>
    <box frame="44" outside="0" occluded="0" keyframe="1" xtl="9.26" ytl="54.92" xbr="19.21" ybr="95.80" z_order="0">
    </box>
    <box frame="45" outside="1" occluded="0" keyframe="1" xtl="9.26" ytl="54.92" xbr="19.21" ybr="95.80" z_order="0">
    </box>
  </track>
  <track id="12" label="car" source="manual">
    <box frame="0" outside="0" occluded="0" keyframe="1" xtl="447.02" ytl="79.72" xbr="465.63" ybr="91.22" z_order="0">
    </box>
    <box frame="1" outside="0" occluded="0" keyframe="0" xtl="446.67" ytl="79.26" xbr="465.29" ybr="90.76" z_order="0">
    </box>
    <box frame="2" outside="0" occluded="0" keyframe="0" xtl="446.33" ytl="78.80" xbr="464.94" ybr="90.30" z_order="0">
    </box>
    <box frame="3" outside="0" occluded="0" keyframe="0" xtl="445.98" ytl="78.34" xbr="464.59" ybr="89.84" z_order="0">
    </box>
    <box frame="4" outside="0" occluded="0" keyframe="0" xtl="445.63" ytl="77.88" xbr="464.25" ybr="89.38" z_order="0">
    </box>
    <box frame="5" outside="0" occluded="0" keyframe="0" xtl="445.29" ytl="77.41" xbr="463.90" ybr="88.92" z_order="0">
    </box>
    <box frame="6" outside="0" occluded="0" keyframe="1" xtl="444.94" ytl="76.95" xbr="463.55" ybr="88.45" z_order="0">
    </box>
    <box frame="7" outside="0" occluded="0" keyframe="0" xtl="442.92" ytl="74.89" xbr="461.53" ybr="86.39" z_order="0">
    </box>
    <box frame="8" outside="0" occluded="0" keyframe="0" xtl="440.89" ytl="72.83" xbr="459.50" ybr="84.33" z_order="0">
    </box>
    <box frame="9" outside="0" occluded="0" keyframe="1" xtl="438.87" ytl="70.77" xbr="457.48" ybr="82.27" z_order="0">
    </box>
    <box frame="10" outside="0" occluded="0" keyframe="0" xtl="435.92" ytl="68.53" xbr="454.53" ybr="80.04" z_order="0">
    </box>
    <box frame="11" outside="0" occluded="0" keyframe="1" xtl="432.98" ytl="66.30" xbr="451.59" ybr="77.80" z_order="0">
    </box>
    <box frame="12" outside="0" occluded="0" keyframe="0" xtl="429.14" ytl="65.18" xbr="447.75" ybr="76.68" z_order="0">
    </box>
    <box frame="13" outside="0" occluded="0" keyframe="0" xtl="425.29" ytl="64.06" xbr="443.91" ybr="75.56" z_order="0">
    </box>
    <box frame="14" outside="0" occluded="0" keyframe="0" xtl="421.45" ytl="62.94" xbr="440.07" ybr="74.44" z_order="0">
    </box>
    <box frame="15" outside="0" occluded="0" keyframe="0" xtl="417.61" ytl="61.82" xbr="436.23" ybr="73.32" z_order="0">
    </box>
    <box frame="16" outside="0" occluded="0" keyframe="1" xtl="413.77" ytl="60.70" xbr="432.39" ybr="72.20" z_order="0">
    </box>
    <box frame="17" outside="0" occluded="0" keyframe="0" xtl="407.86" ytl="61.50" xbr="426.66" ybr="72.97" z_order="0">
    </box>
    <box frame="18" outside="0" occluded="0" keyframe="0" xtl="401.95" ytl="62.30" xbr="420.93" ybr="73.74" z_order="0">
    </box>
    <box frame="19" outside="0" occluded="0" keyframe="0" xtl="396.04" ytl="63.10" xbr="415.21" ybr="74.50" z_order="0">
    </box>
    <box frame="20" outside="0" occluded="0" keyframe="0" xtl="390.12" ytl="63.90" xbr="409.48" ybr="75.27" z_order="0">
    </box>
    <box frame="21" outside="0" occluded="0" keyframe="0" xtl="384.21" ytl="64.70" xbr="403.75" ybr="76.03" z_order="0">
    </box>
    <box frame="22" outside="0" occluded="0" keyframe="1" xtl="378.30" ytl="65.50" xbr="398.02" ybr="76.80" z_order="0">
    </box>
    <box frame="23" outside="0" occluded="0" keyframe="0" xtl="371.80" ytl="65.81" xbr="391.52" ybr="77.12" z_order="0">
    </box>
    <box frame="24" outside="0" occluded="0" keyframe="0" xtl="365.30" ytl="66.13" xbr="385.02" ybr="77.44" z_order="0">
    </box>
    <box frame="25" outside="0" occluded="0" keyframe="1" xtl="358.80" ytl="66.45" xbr="378.52" ybr="77.76" z_order="0">
    </box>
    <box frame="26" outside="0" occluded="0" keyframe="0" xtl="352.67" ytl="66.35" xbr="372.40" ybr="77.65" z_order="0">
    </box>
    <box frame="27" outside="0" occluded="0" keyframe="0" xtl="346.55" ytl="66.24" xbr="366.27" ybr="77.55" z_order="0">
    </box>
    <box frame="28" outside="0" occluded="0" keyframe="1" xtl="340.42" ytl="66.13" xbr="360.15" ybr="77.44" z_order="0">
    </box>
    <box frame="29" outside="0" occluded="0" keyframe="0" xtl="333.71" ytl="66.83" xbr="353.43" ybr="78.13" z_order="0">
    </box>
    <box frame="30" outside="0" occluded="0" keyframe="0" xtl="327.00" ytl="67.52" xbr="346.72" ybr="78.83" z_order="0">
    </box>
    <box frame="31" outside="0" occluded="0" keyframe="1" xtl="320.28" ytl="68.21" xbr="340.01" ybr="79.52" z_order="0">
    </box>
    <box frame="32" outside="0" occluded="0" keyframe="0" xtl="312.83" ytl="68.28" xbr="332.56" ybr="79.58" z_order="0">
    </box>
    <box frame="33" outside="0" occluded="0" keyframe="0" xtl="305.39" ytl="68.34" xbr="325.11" ybr="79.65" z_order="0">
    </box>
    <box frame="34" outside="0" occluded="0" keyframe="0" xtl="297.94" ytl="68.41" xbr="317.66" ybr="79.71" z_order="0">
    </box>
    <box frame="35" outside="0" occluded="0" keyframe="0" xtl="290.49" ytl="68.47" xbr="310.21" ybr="79.77" z_order="0">
    </box>
    <box frame="36" outside="0" occluded="0" keyframe="1" xtl="283.04" ytl="68.53" xbr="302.77" ybr="79.84" z_order="0">
    </box>
    <box frame="37" outside="0" occluded="0" keyframe="0" xtl="274.46" ytl="68.69" xbr="294.19" ybr="80.00" z_order="0">
    </box>
    <box frame="38" outside="0" occluded="0" keyframe="0" xtl="265.89" ytl="68.85" xbr="285.61" ybr="80.16" z_order="0">
    </box>
    <box frame="39" outside="0" occluded="0" keyframe="1" xtl="257.31" ytl="69.01" xbr="277.03" ybr="80.32" z_order="0">
    </box>
    <box frame="40" outside="0" occluded="0" keyframe="0" xtl="249.32" ytl="68.45" xbr="269.04" ybr="79.76" z_order="0">
    </box>
    <box frame="41" outside="0" occluded="0" keyframe="1" xtl="241.33" ytl="67.89" xbr="261.05" ybr="79.20" z_order="0">
    </box>
    <box frame="42" outside="1" occluded="0" keyframe="1" xtl="241.33" ytl="67.89" xbr="261.05" ybr="79.20" z_order="0">
    </box>
  </track>
  <track id="13" label="car" source="manual">
    <box frame="0" outside="0" occluded="0" keyframe="1" xtl="444.97" ytl="81.92" xbr="463.53" ybr="91.03" z_order="0">
    </box>
    <box frame="1" outside="0" occluded="0" keyframe="0" xtl="445.09" ytl="81.96" xbr="463.65" ybr="91.19" z_order="0">
    </box>
    <box frame="2" outside="0" occluded="0" keyframe="0" xtl="445.21" ytl="82.00" xbr="463.77" ybr="91.36" z_order="0">
    </box>
    <box frame="3" outside="0" occluded="0" keyframe="0" xtl="445.33" ytl="82.04" xbr="463.89" ybr="91.53" z_order="0">
    </box>
    <box frame="4" outside="0" occluded="0" keyframe="1" xtl="445.45" ytl="82.08" xbr="464.01" ybr="91.70" z_order="0">
    </box>
    <box frame="5" outside="0" occluded="0" keyframe="0" xtl="443.80" ytl="80.21" xbr="462.36" ybr="89.84" z_order="0">
    </box>
    <box frame="6" outside="0" occluded="0" keyframe="0" xtl="442.15" ytl="78.35" xbr="460.71" ybr="87.97" z_order="0">
    </box>
    <box frame="7" outside="0" occluded="0" keyframe="1" xtl="440.50" ytl="76.48" xbr="459.06" ybr="86.11" z_order="0">
    </box>
    <box frame="8" outside="0" occluded="0" keyframe="0" xtl="437.72" ytl="74.56" xbr="456.27" ybr="84.19" z_order="0">
    </box>
    <box frame="9" outside="0" occluded="0" keyframe="0" xtl="434.94" ytl="72.65" xbr="453.49" ybr="82.27" z_order="0">
    </box>
    <box frame="10" outside="0" occluded="0" keyframe="0" xtl="432.16" ytl="70.73" xbr="450.71" ybr="80.35" z_order="0">
    </box>
    <box frame="11" outside="0" occluded="0" keyframe="0" xtl="429.37" ytl="68.81" xbr="447.93" ybr="78.43" z_order="0">
    </box>
    <box frame="12" outside="0" occluded="0" keyframe="1" xtl="426.59" ytl="66.89" xbr="445.15" ybr="76.52" z_order="0">
    </box>
    <box frame="13" outside="0" occluded="0" keyframe="0" xtl="422.38" ytl="66.58" xbr="440.94" ybr="76.44" z_order="0">
    </box>
    <box frame="14" outside="0" occluded="0" keyframe="0" xtl="418.18" ytl="66.26" xbr="436.73" ybr="76.36" z_order="0">
    </box>
    <box frame="15" outside="0" occluded="0" keyframe="0" xtl="413.97" ytl="65.95" xbr="432.52" ybr="76.28" z_order="0">
    </box>
    <box frame="16" outside="0" occluded="0" keyframe="0" xtl="409.76" ytl="65.63" xbr="428.31" ybr="76.20" z_order="0">
    </box>
    <box frame="17" outside="0" occluded="0" keyframe="0" xtl="405.55" ytl="65.32" xbr="424.10" ybr="76.12" z_order="0">
    </box>
    <box frame="18" outside="0" occluded="0" keyframe="1" xtl="401.34" ytl="65.00" xbr="419.90" ybr="76.04" z_order="0">
    </box>
    <box frame="19" outside="0" occluded="0" keyframe="0" xtl="395.03" ytl="65.60" xbr="413.58" ybr="76.64" z_order="0">
    </box>
    <box frame="20" outside="0" occluded="0" keyframe="0" xtl="388.71" ytl="66.20" xbr="407.27" ybr="77.24" z_order="0">
    </box>
    <box frame="21" outside="0" occluded="0" keyframe="0" xtl="382.40" ytl="66.80" xbr="400.96" ybr="77.84" z_order="0">
    </box>
    <box frame="22" outside="0" occluded="0" keyframe="1" xtl="376.09" ytl="67.40" xbr="394.64" ybr="78.43" z_order="0">
    </box>
    <box frame="23" outside="0" occluded="0" keyframe="0" xtl="369.69" ytl="67.76" xbr="388.25" ybr="78.79" z_order="0">
    </box>
    <box frame="24" outside="0" occluded="0" keyframe="0" xtl="363.30" ytl="68.12" xbr="381.86" ybr="79.15" z_order="0">
    </box>
    <box frame="25" outside="0" occluded="0" keyframe="0" xtl="356.91" ytl="68.48" xbr="375.46" ybr="79.51" z_order="0">
    </box>
    <box frame="26" outside="0" occluded="0" keyframe="1" xtl="350.51" ytl="68.84" xbr="369.07" ybr="79.87" z_order="0">
    </box>
    <box frame="27" outside="0" occluded="0" keyframe="0" xtl="343.93" ytl="69.12" xbr="362.48" ybr="80.16" z_order="0">
    </box>
    <box frame="28" outside="0" occluded="0" keyframe="0" xtl="337.34" ytl="69.41" xbr="355.90" ybr="80.45" z_order="0">
    </box>
    <box frame="29" outside="0" occluded="0" keyframe="0" xtl="330.76" ytl="69.70" xbr="349.31" ybr="80.74" z_order="0">
    </box>
    <box frame="30" outside="0" occluded="0" keyframe="0" xtl="324.17" ytl="69.99" xbr="342.73" ybr="81.02" z_order="0">
    </box>
    <box frame="31" outside="0" occluded="0" keyframe="1" xtl="317.59" ytl="70.27" xbr="336.14" ybr="81.31" z_order="0">
    </box>
    <box frame="32" outside="0" occluded="0" keyframe="0" xtl="310.19" ytl="70.27" xbr="328.75" ybr="81.83" z_order="0">
    </box>
    <box frame="33" outside="0" occluded="0" keyframe="0" xtl="302.80" ytl="70.27" xbr="321.36" ybr="82.36" z_order="0">
    </box>
    <box frame="34" outside="0" occluded="0" keyframe="0" xtl="295.41" ytl="70.27" xbr="313.97" ybr="82.88" z_order="0">
    </box>
    <box frame="35" outside="0" occluded="0" keyframe="1" xtl="288.02" ytl="70.27" xbr="306.58" ybr="83.40" z_order="0">
    </box>
    <box frame="36" outside="0" occluded="0" keyframe="0" xtl="279.81" ytl="70.70" xbr="298.37" ybr="83.83" z_order="0">
    </box>
    <box frame="37" outside="0" occluded="0" keyframe="0" xtl="271.61" ytl="71.13" xbr="290.17" ybr="84.25" z_order="0">
    </box>
    <box frame="38" outside="0" occluded="0" keyframe="1" xtl="263.41" ytl="71.55" xbr="281.96" ybr="84.68" z_order="0">
    </box>
    <box frame="39" outside="0" occluded="0" keyframe="0" xtl="254.45" ytl="70.59" xbr="273.01" ybr="83.72" z_order="0">
    </box>
    <box frame="40" outside="0" occluded="0" keyframe="1" xtl="245.50" ytl="69.63" xbr="264.06" ybr="82.76" z_order="0">
    </box>
    <box frame="41" outside="0" occluded="0" keyframe="1" xtl="236.39" ytl="70.11" xbr="254.95" ybr="83.24" z_order="0">
    </box>
    <box frame="42" outside="1" occluded="0" keyframe="1" xtl="236.39" ytl="70.11" xbr="254.95" ybr="83.24" z_order="0">
    </box>
  </track>
  <track id="14" label="car" source="manual">
    <box frame="0" outside="0" occluded="0" keyframe="1" xtl="435.86" ytl="80.48" xbr="458.26" ybr="95.82" z_order="0">
    </box>
    <box frame="1" outside="0" occluded="0" keyframe="0" xtl="436.82" ytl="80.32" xbr="459.22" ybr="95.66" z_order="0">
    </box>
    <box frame="2" outside="0" occluded="0" keyframe="1" xtl="437.78" ytl="80.16" xbr="460.17" ybr="95.50" z_order="0">
    </box>
    <box frame="3" outside="0" occluded="0" keyframe="0" xtl="434.54" ytl="79.29" xbr="457.02" ybr="94.72" z_order="0">
    </box>
    <box frame="4" outside="0" occluded="0" keyframe="0" xtl="431.29" ytl="78.43" xbr="453.86" ybr="93.94" z_order="0">
    </box>
    <box frame="5" outside="0" occluded="0" keyframe="0" xtl="428.05" ytl="77.56" xbr="450.70" ybr="93.15" z_order="0">
    </box>
    <box frame="6" outside="0" occluded="0" keyframe="0" xtl="424.81" ytl="76.70" xbr="447.55" ybr="92.37" z_order="0">
    </box>
    <box frame="7" outside="0" occluded="0" keyframe="0" xtl="421.56" ytl="75.83" xbr="444.39" ybr="91.59" z_order="0">
    </box>
    <box frame="8" outside="0" occluded="0" keyframe="0" xtl="418.32" ytl="74.97" xbr="441.23" ybr="90.81" z_order="0">
    </box>
    <box frame="9" outside="0" occluded="0" keyframe="0" xtl="415.08" ytl="74.10" xbr="438.07" ybr="90.02" z_order="0">
    </box>
    <box frame="10" outside="0" occluded="0" keyframe="0" xtl="411.83" ytl="73.24" xbr="434.92" ybr="89.24" z_order="0">
    </box>
    <box frame="11" outside="0" occluded="0" keyframe="0" xtl="408.59" ytl="72.37" xbr="431.76" ybr="88.46" z_order="0">
    </box>
    <box frame="12" outside="0" occluded="0" keyframe="0" xtl="405.35" ytl="71.51" xbr="428.60" ybr="87.68" z_order="0">
    </box>
    <box frame="13" outside="0" occluded="0" keyframe="0" xtl="402.10" ytl="70.64" xbr="425.44" ybr="86.89" z_order="0">
    </box>
    <box frame="14" outside="0" occluded="0" keyframe="0" xtl="398.86" ytl="69.78" xbr="422.29" ybr="86.11" z_order="0">
    </box>
    <box frame="15" outside="0" occluded="0" keyframe="0" xtl="395.61" ytl="68.91" xbr="419.13" ybr="85.33" z_order="0">
    </box>
    <box frame="16" outside="0" occluded="0" keyframe="0" xtl="392.37" ytl="68.05" xbr="415.97" ybr="84.55" z_order="0">
    </box>
    <box frame="17" outside="0" occluded="0" keyframe="0" xtl="389.13" ytl="67.18" xbr="412.81" ybr="83.76" z_order="0">
    </box>
    <box frame="18" outside="0" occluded="0" keyframe="0" xtl="385.88" ytl="66.32" xbr="409.66" ybr="82.98" z_order="0">
    </box>
    <box frame="19" outside="0" occluded="0" keyframe="1" xtl="382.64" ytl="65.45" xbr="406.50" ybr="82.20" z_order="0">
    </box>
    <box frame="20" outside="0" occluded="0" keyframe="0" xtl="376.25" ytl="65.57" xbr="400.11" ybr="82.65" z_order="0">
    </box>
    <box frame="21" outside="0" occluded="0" keyframe="0" xtl="369.85" ytl="65.69" xbr="393.71" ybr="83.10" z_order="0">
    </box>
    <box frame="22" outside="0" occluded="0" keyframe="0" xtl="363.46" ytl="65.81" xbr="387.32" ybr="83.55" z_order="0">
    </box>
    <box frame="23" outside="0" occluded="0" keyframe="1" xtl="357.07" ytl="65.93" xbr="380.93" ybr="84.00" z_order="0">
    </box>
    <box frame="24" outside="0" occluded="0" keyframe="0" xtl="350.32" ytl="66.03" xbr="374.18" ybr="84.10" z_order="0">
    </box>
    <box frame="25" outside="0" occluded="0" keyframe="0" xtl="343.58" ytl="66.12" xbr="367.44" ybr="84.19" z_order="0">
    </box>
    <box frame="26" outside="0" occluded="0" keyframe="0" xtl="336.83" ytl="66.22" xbr="360.69" ybr="84.29" z_order="0">
    </box>
    <box frame="27" outside="0" occluded="0" keyframe="0" xtl="330.09" ytl="66.32" xbr="353.95" ybr="84.38" z_order="0">
    </box>
    <box frame="28" outside="0" occluded="0" keyframe="1" xtl="323.34" ytl="66.41" xbr="347.20" ybr="84.48" z_order="0">
    </box>
    <box frame="29" outside="0" occluded="0" keyframe="0" xtl="316.27" ytl="66.93" xbr="340.13" ybr="85.00" z_order="0">
    </box>
    <box frame="30" outside="0" occluded="0" keyframe="0" xtl="309.20" ytl="67.45" xbr="333.06" ybr="85.52" z_order="0">
    </box>
    <box frame="31" outside="0" occluded="0" keyframe="0" xtl="302.13" ytl="67.97" xbr="325.99" ybr="86.04" z_order="0">
    </box>
    <box frame="32" outside="0" occluded="0" keyframe="1" xtl="295.05" ytl="68.49" xbr="318.91" ybr="86.56" z_order="0">
    </box>
    <box frame="33" outside="0" occluded="0" keyframe="0" xtl="287.27" ytl="68.49" xbr="311.13" ybr="86.56" z_order="0">
    </box>
    <box frame="34" outside="0" occluded="0" keyframe="0" xtl="279.50" ytl="68.49" xbr="303.36" ybr="86.56" z_order="0">
    </box>
    <box frame="35" outside="0" occluded="0" keyframe="1" xtl="271.72" ytl="68.49" xbr="295.58" ybr="86.56" z_order="0">
    </box>
    <box frame="36" outside="0" occluded="0" keyframe="0" xtl="262.97" ytl="68.33" xbr="287.06" ybr="86.67" z_order="0">
    </box>
    <box frame="37" outside="0" occluded="0" keyframe="0" xtl="254.22" ytl="68.17" xbr="278.54" ybr="86.78" z_order="0">
    </box>
    <box frame="38" outside="0" occluded="0" keyframe="0" xtl="245.46" ytl="68.01" xbr="270.02" ybr="86.89" z_order="0">
    </box>
    <box frame="39" outside="0" occluded="0" keyframe="1" xtl="236.71" ytl="67.85" xbr="261.50" ybr="87.00" z_order="0">
    </box>
    <box frame="40" outside="0" occluded="0" keyframe="1" xtl="227.92" ytl="66.89" xbr="252.71" ybr="86.04" z_order="0">
    </box>
    <box frame="41" outside="0" occluded="0" keyframe="0" xtl="219.85" ytl="68.09" xbr="244.64" ybr="87.24" z_order="0">
    </box>
    <box frame="42" outside="0" occluded="0" keyframe="1" xtl="211.78" ytl="69.29" xbr="236.57" ybr="88.44" z_order="0">
    </box>
    <box frame="43" outside="0" occluded="0" keyframe="1" xtl="202.83" ytl="69.29" xbr="227.62" ybr="88.44" z_order="0">
    </box>
    <box frame="44" outside="0" occluded="0" keyframe="1" xtl="198.51" ytl="69.29" xbr="223.30" ybr="88.44" z_order="0">
    </box>
    <box frame="45" outside="0" occluded="0" keyframe="1" xtl="192.44" ytl="68.81" xbr="217.23" ybr="87.96" z_order="0">
    </box>
    <box frame="46" outside="1" occluded="0" keyframe="1" xtl="192.44" ytl="68.81" xbr="217.23" ybr="87.96" z_order="0">
    </box>
  </track>
</annotations>
